T= 0
  X= 0.04 0.04 0 0 0 0 1
  V= 0 0 0.5 0 39.25 0
T= 0.001
  X= 0.04 0.04 0 0 0 0 1
  V= 0 0 0.5 0 39.25 0
T= 0.002
  X= 0.04 0.04 0 0 0 0 1
  V= 0 0 0.5 0 39.25 0
T= 0.003
  X= 0.04 0.04 0 0 0 0 1
  V= 0 0 0.5 0 39.25 0
T= 0.004
  X= 0.04 0.04 0 0 0 0 1
  V= 0 0 0.5 0 39.25 0
T= 0.005
  X= 0.04 0.04 0 0 0 0 1
  V= 0 0 0.5 0 39.25 0
T= 0.006
  X= 0.04 0.04 0 0 0 0 1
  V= 0 0 0.5 0 39.25 0
T= 0.007
  X= 0.04 0.04 0 0 0 0 1
  V= 0 0 0.5 0 39.25 0
T= 0.008
  X= 0.04 0.04 0 0 0 0 1
  V= 0 0 0.5 0 39.25 0
T= 0.009
  X= 0.04 0.04 0 0 0 0 1
  V= 0 0 0.5 0 39.25 0
T= 0.01
  X= 0.04 0.04 0 0 0 0 1
  V= 0 0 0.5 0 39.25 0
T= 0.011
  X= 0.04 0.04 0.0005 0 0.0196237691 0 0.999807435
  V= 0 0 0.5 0 39.25 0
T= 0.012
  X= 0.04 0.04 0.001 0 0.0392399803 0 0.999229815
  V= 0 0 0.5 0 39.25 0
T= 0.013
  X= 0.04 0.04 0.0015 0 0.0588410784 0 0.998267363
  V= 0 0 0.5 0 39.25 0
T= 0.014
  X= 0.04 0.04 0.002 0 0.0784195143 0 0.996920448
  V= 0 0 0.5 0 39.25 0
T= 0.015
  X= 0.04 0.04 0.0025 0 0.0979677473 0 0.99518959
  V= 0 0 0.5 0 39.25 0
T= 0.016
  X= 0.04 0.04 0.003 0 0.117478249 0 0.993075456
  V= 0 0 0.5 0 39.25 0
T= 0.017
  X= 0.04 0.04 0.0035 0 0.136943504 0 0.990578859
  V= 0 0 0.5 0 39.25 0
T= 0.018
  X= 0.04 0.04 0.004 0 0.156356017 0 0.987700762
  V= 0 0 0.5 0 39.25 0
T= 0.019
  X= 0.04 0.04 0.0045 0 0.17570831 0 0.984442274
  V= 0 0 0.5 0 39.25 0
T= 0.02
  X= 0.04 0.04 0.005 0 0.19499293 0 0.980804648
  V= 0 0 0.5 0 39.25 0
T= 0.021
  X= 0.04 0.04 0.0055 0 0.214202351 0 0.976789308
  V= 0 0 0.5 0 39.25 0
T= 0.022
  X= 0.04 0.04 0.006 0 0.233329279 0 0.972397783
  V= 0 0 0.5 0 39.25 0
T= 0.023
  X= 0.04 0.04 0.0065 0 0.252366348 0 0.967631762
  V= 0 0 0.5 0 39.25 0
T= 0.024
  X= 0.04 0.04 0.007 0 0.271306227 0 0.962493081
  V= 0 0 0.5 0 39.25 0
T= 0.025
  X= 0.04 0.04 0.0075 0 0.29014162 0 0.95698372
  V= 0 0 0.5 0 39.25 0
T= 0.026
  X= 0.04 0.04 0.008 0 0.308865273 0 0.9511058
  V= 0 0 0.5 0 39.25 0
T= 0.027
  X= 0.04 0.04 0.0085 0 0.327469976 0 0.944861585
  V= 0 0 0.5 0 39.25 0
T= 0.028
  X= 0.04 0.04 0.009 0 0.345948561 0 0.93825348
  V= 0 0 0.5 0 39.25 0
T= 0.029
  X= 0.04 0.04 0.0095 0 0.364293913 0 0.93128403
  V= 0 0 0.5 0 39.25 0
T= 0.03
  X= 0.04 0.04 0.01 0 0.382498967 0 0.923955919
  V= 0 0 0.5 0 39.25 0
T= 0.031
  X= 0.04 0.04 0.0105 0 0.40055686 0 0.916271904
  V= 0 0 0.5 0 39.25 0
T= 0.032
  X= 0.04 0.04 0.011 0 0.418460487 0 0.908235003
  V= 0 0 0.5 0 39.25 0
T= 0.033
  X= 0.04 0.04 0.0115 0 0.436202952 0 0.899848312
  V= 0 0 0.5 0 39.25 0
T= 0.034
  X= 0.04 0.04 0.012 0 0.453777423 0 0.89111506
  V= 0 0 0.5 0 39.25 0
T= 0.035
  X= 0.04 0.04 0.0125 0 0.471177132 0 0.882038611
  V= 0 0 0.5 0 39.25 0
T= 0.036
  X= 0.04 0.04 0.013 0 0.488395376 0 0.872622459
  V= 0 0 0.5 0 39.25 0
T= 0.037
  X= 0.04 0.04 0.0135 0 0.505425526 0 0.862870232
  V= 0 0 0.5 0 39.25 0
T= 0.038
  X= 0.04 0.04 0.014 0 0.522261022 0 0.852785685
  V= 0 0 0.5 0 39.25 0
T= 0.039
  X= 0.04 0.04 0.0145 0 0.538895381 0 0.842372702
  V= 0 0 0.5 0 39.25 0
T= 0.04
  X= 0.04 0.04 0.015 0 0.555322195 0 0.831635292
  V= 0 0 0.5 0 39.25 0
T= 0.041
  X= 0.04 0.04 0.0155 0 0.571535035 0 0.820577664
  V= 0 0 0.4071429 0 35.325 0
T= 0.042
  X= 0.04 0.04 0.016 0 0.58752776 0 0.809204011
  V= 0 0 0.3142858 0 31.4 0
T= 0.043
  X= 0.04 0.04 0.0165 0 0.60329421 0 0.797518712
  V= 0 0 0.2214287 0 27.475 0
T= 0.044
  X= 0.04 0.04 0.017 0 0.618828315 0 0.785526268
  V= 0 0 0.1285716 0 23.55 0
T= 0.045
  X= 0.04 0.04 0.0175 0 0.634124091 0 0.773231296
  V= 0 0 0.0357145 0 19.625 0
T= 0.046
  X= 0.04 0.04 0.018 0 0.649175649 0 0.760638532
  V= 0 0 -0.0571426 0 15.7 0
T= 0.047
  X= 0.04 0.04 0.0185 0 0.663977192 0 0.747752826
  V= 0 0 -0.1499997 0 11.775 0
T= 0.048
  X= 0.04 0.04 0.019 0 0.67852302 0 0.734579139
  V= 0 0 -0.2428568 0 7.85 0
T= 0.049
  X= 0.04 0.04 0.0195 0 0.692807531 0 0.721122545
  V= 0 0 -0.3357139 0 3.925 0
T= 0.05
  X= 0.04 0.04 0.02 0 0.706825225 0 0.707388225
  V= 0 0 -0.428571 0 0 0
T= 0.051
  X= 0.04 0.04 0.01957143 0 0.706825225 0 0.707388225
  V= 0 0 -0.428571 0 0 0
T= 0.052
  X= 0.04 0.04 0.01914286 0 0.706825225 0 0.707388225
  V= 0 0 -0.428571 0 0 0
T= 0.053
  X= 0.04 0.04 0.01871429 0 0.706825225 0 0.707388225
  V= 0 0 -0.428571 0 0 0
T= 0.054
  X= 0.04 0.04 0.01828572 0 0.706825225 0 0.707388225
  V= 0 0 -0.428571 0 0 0
T= 0.055
  X= 0.04 0.04 0.01785715 0 0.706825225 0 0.707388225
  V= 0 0 -0.428571 0 0 0
T= 0.056
  X= 0.04 0.04 0.01742858 0 0.706825225 0 0.707388225
  V= 0 0 -0.428571 0 0 0
T= 0.057
  X= 0.04 0.04 0.01700001 0 0.706825225 0 0.707388225
  V= 0 0 -0.428571 0 0 0
T= 0.058
  X= 0.04 0.04 0.01657144 0 0.706825225 0 0.707388225
  V= 0 0 -0.428571 0 0 0
T= 0.059
  X= 0.04 0.04 0.01614287 0 0.706825225 0 0.707388225
  V= 0 0 -0.428571 0 0 0
T= 0.06
  X= 0.04 0.04 0.0157143 0 0.706825225 0 0.707388225
  V= 0 0 -0.428571 0 0 0
T= 0.061
  X= 0.04 0.04 0.01528573 0 0.706825225 0 0.707388225
  V= 0 0 -0.428571 0 0 0
T= 0.062
  X= 0.04 0.04 0.01485716 0 0.706825225 0 0.707388225
  V= 0 0 -0.428571 0 0 0
T= 0.063
  X= 0.04 0.04 0.01442859 0 0.706825225 0 0.707388225
  V= 0 0 -0.428571 0 0 0
T= 0.064
  X= 0.04 0.04 0.01400002 0 0.706825225 0 0.707388225
  V= 0 0 -0.428571 0 0 0
T= 0.065
  X= 0.04 0.04 0.01357145 0 0.706825225 0 0.707388225
  V= 0 0 -0.428571 0 0 0
T= 0.066
  X= 0.04 0.04 0.01314288 0 0.706825225 0 0.707388225
  V= 0 0 -0.428571 0 0 0
T= 0.067
  X= 0.04 0.04 0.01271431 0 0.706825225 0 0.707388225
  V= 0 0 -0.428571 0 0 0
T= 0.068
  X= 0.04 0.04 0.01228574 0 0.706825225 0 0.707388225
  V= 0 0 -0.428571 0 0 0
T= 0.069
  X= 0.04 0.04 0.01185717 0 0.706825225 0 0.707388225
  V= 0 0 -0.428571 0 0 0
T= 0.07
  X= 0.04 0.04 0.0114286 0 0.706825225 0 0.707388225
  V= 0 0 -0.428571 0 0 0
T= 0.071
  X= 0.04 0.04 0.011000026 0 0.706825225 0 0.707388225
  V= 0 0 -0.428571 0 0 0
T= 0.072
  X= 0.04 0.04 0.010571452 0 0.706825225 0 0.707388225
  V= 0 0 -0.428571 0 0 0
T= 0.073
  X= 0.04 0.04 0.010142878 0 0.706825225 0 0.707388225
  V= 0 0 -0.428571 0 0 0
T= 0.074
  X= 0.04 0.04 0.009714304 0 0.706825225 0 0.707388225
  V= 0 0 -0.428571 0 0 0
T= 0.075
  X= 0.04 0.04 0.00928573 0 0.706825225 0 0.707388225
  V= 0 0 -0.428571 0 0 0
T= 0.076
  X= 0.04 0.04 0.008857156 0 0.706825225 0 0.707388225
  V= 0 0 -0.428571 0 0 0
T= 0.077
  X= 0.04 0.04 0.008428582 0 0.706825225 0 0.707388225
  V= 0 0 -0.428571 0 0 0
T= 0.078
  X= 0.04 0.04 0.008000008 0 0.706825225 0 0.707388225
  V= 0 0 -0.428571 0 0 0
T= 0.079
  X= 0.04 0.04 0.007571434 0 0.706825225 0 0.707388225
  V= 0 0 -0.428571 0 0 0
T= 0.08
  X= 0.04 0.04 0.00714286 0 0.706825225 0 0.707388225
  V= 0 0 -0.428571 0 0 0
T= 0.081
  X= 0.04 0.04 0.006714288 0 0.706825225 0 0.707388225
  V= 0 0 -0.428571 0 0 0
T= 0.082
  X= 0.04 0.04 0.006285716 0 0.706825225 0 0.707388225
  V= 0 0 -0.428571 0 0 0
T= 0.083
  X= 0.04 0.04 0.005857144 0 0.706825225 0 0.707388225
  V= 0 0 -0.428571 0 0 0
T= 0.084
  X= 0.04 0.04 0.005428572 0 0.706825225 0 0.707388225
  V= 0 0 -0.428571 0 0 0
T= 0.085
  X= 0.04 0.04 0.005 0 0.706825225 0 0.707388225
  V= 0 0 -0.428571 0 0 0
T= 0.086
  X= 0.04 0.04 0.004571428 0 0.706825225 0 0.707388225
  V= 0 0 -0.428571 0 0 0
T= 0.087
  X= 0.04 0.04 0.004142856 0 0.706825225 0 0.707388225
  V= 0 0 -0.428571 0 0 0
T= 0.088
  X= 0.04 0.04 0.003714284 0 0.706825225 0 0.707388225
  V= 0 0 -0.428571 0 0 0
T= 0.089
  X= 0.04 0.04 0.003285712 0 0.706825225 0 0.707388225
  V= 0 0 -0.428571 0 0 0
T= 0.09
  X= 0.04 0.04 0.00285714 0 0.706825225 0 0.707388225
  V= 0 0 -0.428571 0 0 0
T= 0.091
  X= 0.04 0.04 0.002428569 0 0.706825225 0 0.707388225
  V= 0 0 -0.428571 0 0 0
T= 0.092
  X= 0.04 0.04 0.001999998 0 0.706825225 0 0.707388225
  V= 0 0 -0.428571 0 0 0
T= 0.093
  X= 0.04 0.04 0.001571427 0 0.706825225 0 0.707388225
  V= 0 0 -0.428571 0 0 0
T= 0.094
  X= 0.04 0.04 0.001142856 0 0.706825225 0 0.707388225
  V= 0 0 -0.428571 0 0 0
T= 0.095
  X= 0.04 0.04 0.000714285 0 0.706825225 0 0.707388225
  V= 0 0 -0.428571 0 0 0
T= 0.096
  X= 0.04 0.04 0.000285714 0 0.706825225 0 0.707388225
  V= 0 0 -0.428571 0 0 0
T= 0.097
  X= 0.04 0.04 -0.000142857 0 0.706825225 0 0.707388225
  V= 0 0 -0.428571 0 0 0
T= 0.098
  X= 0.04 0.04 -0.000571428 0 0.706825225 0 0.707388225
  V= 0 0 -0.428571 0 0 0
T= 0.099
  X= 0.04 0.04 -0.000999999 0 0.706825225 0 0.707388225
  V= 0 0 -0.428571 0 0 0
T= 0.1
  X= 0.04 0.04 -0.00142857 0 0.706825225 0 0.707388225
  V= 0 0 -0.428571 0 0 0
T= 0.101
  X= 0.04 0.04 -0.001857142 0 0.706825225 0 0.707388225
  V= 0 0 -0.428571 0 0 0
T= 0.102
  X= 0.04 0.04 -0.002285714 0 0.706825225 0 0.707388225
  V= 0 0 -0.428571 0 0 0
T= 0.103
  X= 0.04 0.04 -0.002714286 0 0.706825225 0 0.707388225
  V= 0 0 -0.428571 0 0 0
T= 0.104
  X= 0.04 0.04 -0.003142858 0 0.706825225 0 0.707388225
  V= 0 0 -0.428571 0 0 0
T= 0.105
  X= 0.04 0.04 -0.00357143 0 0.706825225 0 0.707388225
  V= 0 0 -0.428571 0 0 0
T= 0.106
  X= 0.04 0.04 -0.004000002 0 0.706825225 0 0.707388225
  V= 0 0 -0.428571 0 0 0
T= 0.107
  X= 0.04 0.04 -0.004428574 0 0.706825225 0 0.707388225
  V= 0 0 -0.428571 0 0 0
T= 0.108
  X= 0.04 0.04 -0.004857146 0 0.706825225 0 0.707388225
  V= 0 0 -0.428571 0 0 0
T= 0.109
  X= 0.04 0.04 -0.005285718 0 0.706825225 0 0.707388225
  V= 0 0 -0.428571 0 0 0
T= 0.11
  X= 0.04 0.04 -0.00571429 0 0.706825225 0 0.707388225
  V= 0 0 -0.428571 0 0 0
T= 0.111
  X= 0.04 0.04 -0.006142861 0 0.706825225 0 0.707388225
  V= 0 0 -0.428571 0 0 0
T= 0.112
  X= 0.04 0.04 -0.006571432 0 0.706825225 0 0.707388225
  V= 0 0 -0.428571 0 0 0
T= 0.113
  X= 0.04 0.04 -0.007000003 0 0.706825225 0 0.707388225
  V= 0 0 -0.428571 0 0 0
T= 0.114
  X= 0.04 0.04 -0.007428574 0 0.706825225 0 0.707388225
  V= 0 0 -0.428571 0 0 0
T= 0.115
  X= 0.04 0.04 -0.007857145 0 0.706825225 0 0.707388225
  V= 0 0 -0.428571 0 0 0
T= 0.116
  X= 0.04 0.04 -0.008285716 0 0.706825225 0 0.707388225
  V= 0 0 -0.428571 0 0 0
T= 0.117
  X= 0.04 0.04 -0.008714287 0 0.706825225 0 0.707388225
  V= 0 0 -0.428571 0 0 0
T= 0.118
  X= 0.04 0.04 -0.009142858 0 0.706825225 0 0.707388225
  V= 0 0 -0.428571 0 0 0
T= 0.119
  X= 0.04 0.04 -0.009571429 0 0.706825225 0 0.707388225
  V= 0 0 -0.428571 0 0 0
T= 0.12
  X= 0.04 0.04 -0.01 0 0.706825225 0 0.707388225
  V= 0 0 -0.428571 0 0 0
T= 0.121
  X= 0.04 0.04 -0.01042857 0 0.706825225 0 0.707388225
  V= 0 0 -0.428571 0 0 0
T= 0.122
  X= 0.04 0.04 -0.01085714 0 0.706825225 0 0.707388225
  V= 0 0 -0.428571 0 0 0
T= 0.123
  X= 0.04 0.04 -0.01128571 0 0.706825225 0 0.707388225
  V= 0 0 -0.428571 0 0 0
T= 0.124
  X= 0.04 0.04 -0.01171428 0 0.706825225 0 0.707388225
  V= 0 0 -0.428571 0 0 0
T= 0.125
  X= 0.04 0.04 -0.01214285 0 0.706825225 0 0.707388225
  V= 0 0 -0.428571 0 0 0
T= 0.126
  X= 0.04 0.04 -0.01257142 0 0.706825225 0 0.707388225
  V= 0 0 -0.428571 0 0 0
T= 0.127
  X= 0.04 0.04 -0.01299999 0 0.706825225 0 0.707388225
  V= 0 0 -0.428571 0 0 0
T= 0.128
  X= 0.04 0.04 -0.01342856 0 0.706825225 0 0.707388225
  V= 0 0 -0.428571 0 0 0
T= 0.129
  X= 0.04 0.04 -0.01385713 0 0.706825225 0 0.707388225
  V= 0 0 -0.428571 0 0 0
T= 0.13
  X= 0.04 0.04 -0.0142857 0 0.706825225 0 0.707388225
  V= 0 0 -0.428571 0 0 0
T= 0.131
  X= 0.04 0.04 -0.01471427 0 0.706825225 0 0.707388225
  V= 0 0 -0.428571 0 0 0
T= 0.132
  X= 0.04 0.04 -0.01514284 0 0.706825225 0 0.707388225
  V= 0 0 -0.428571 0 0 0
T= 0.133
  X= 0.04 0.04 -0.01557141 0 0.706825225 0 0.707388225
  V= 0 0 -0.428571 0 0 0
T= 0.134
  X= 0.04 0.04 -0.01599998 0 0.706825225 0 0.707388225
  V= 0 0 -0.428571 0 0 0
T= 0.135
  X= 0.04 0.04 -0.01642855 0 0.706825225 0 0.707388225
  V= 0 0 -0.428571 0 0 0
T= 0.136
  X= 0.04 0.04 -0.01685712 0 0.706825225 0 0.707388225
  V= 0 0 -0.428571 0 0 0
T= 0.137
  X= 0.04 0.04 -0.01728569 0 0.706825225 0 0.707388225
  V= 0 0 -0.428571 0 0 0
T= 0.138
  X= 0.04 0.04 -0.01771426 0 0.706825225 0 0.707388225
  V= 0 0 -0.428571 0 0 0
T= 0.139
  X= 0.04 0.04 -0.01814283 0 0.706825225 0 0.707388225
  V= 0 0 -0.428571 0 0 0
T= 0.14
  X= 0.04 0.04 -0.0185714 0 0.706825225 0 0.707388225
  V= 0 0 -0.428571 0 0 0
T= 0.141
  X= 0.04 0.04 -0.01899997 0 0.706825225 0 0.707388225
  V= 0 0 -0.428571 0 0 0
T= 0.142
  X= 0.04 0.04 -0.01942854 0 0.706825225 0 0.707388225
  V= 0 0 -0.428571 0 0 0
T= 0.143
  X= 0.04 0.04 -0.01985711 0 0.706825225 0 0.707388225
  V= 0 0 -0.428571 0 0 0
T= 0.144
  X= 0.04 0.04 -0.02028568 0 0.706825225 0 0.707388225
  V= 0 0 -0.428571 0 0 0
T= 0.145
  X= 0.04 0.04 -0.02071425 0 0.706825225 0 0.707388225
  V= 0 0 -0.428571 0 0 0
T= 0.146
  X= 0.04 0.04 -0.02114282 0 0.706825225 0 0.707388225
  V= 0 0 -0.428571 0 0 0
T= 0.147
  X= 0.04 0.04 -0.02157139 0 0.706825225 0 0.707388225
  V= 0 0 -0.428571 0 0 0
T= 0.148
  X= 0.04 0.04 -0.02199996 0 0.706825225 0 0.707388225
  V= 0 0 -0.428571 0 0 0
T= 0.149
  X= 0.04 0.04 -0.02242853 0 0.706825225 0 0.707388225
  V= 0 0 -0.428571 0 0 0
T= 0.15
  X= 0.04 0.04 -0.0228571 0 0.706825225 0 0.707388225
  V= 0 0 -0.428571 0 0 0
T= 0.151
  X= 0.04 0.04 -0.02328568 0 0.706825225 0 0.707388225
  V= 0 0 -0.428571 0 0 0
T= 0.152
  X= 0.04 0.04 -0.02371426 0 0.706825225 0 0.707388225
  V= 0 0 -0.428571 0 0 0
T= 0.153
  X= 0.04 0.04 -0.02414284 0 0.706825225 0 0.707388225
  V= 0 0 -0.428571 0 0 0
T= 0.154
  X= 0.04 0.04 -0.02457142 0 0.706825225 0 0.707388225
  V= 0 0 -0.428571 0 0 0
T= 0.155
  X= 0.04 0.04 -0.025 0 0.706825225 0 0.707388225
  V= 0 0 -0.428571 0 0 0
T= 0.156
  X= 0.04 0.04 -0.02542858 0 0.706825225 0 0.707388225
  V= 0 0 -0.428571 0 0 0
T= 0.157
  X= 0.04 0.04 -0.02585716 0 0.706825225 0 0.707388225
  V= 0 0 -0.428571 0 0 0
T= 0.158
  X= 0.04 0.04 -0.02628574 0 0.706825225 0 0.707388225
  V= 0 0 -0.428571 0 0 0
T= 0.159
  X= 0.04 0.04 -0.02671432 0 0.706825225 0 0.707388225
  V= 0 0 -0.428571 0 0 0
T= 0.16
  X= 0.04 0.04 -0.0271429 0 0.706825225 0 0.707388225
  V= 0 0 -0.428571 0 0 0
T= 0.161
  X= 0.04 0.04 -0.02757147 0 0.706825225 0 0.707388225
  V= 0 0 -0.428571 0 0 0
T= 0.162
  X= 0.04 0.04 -0.02800004 0 0.706825225 0 0.707388225
  V= 0 0 -0.428571 0 0 0
T= 0.163
  X= 0.04 0.04 -0.02842861 0 0.706825225 0 0.707388225
  V= 0 0 -0.428571 0 0 0
T= 0.164
  X= 0.04 0.04 -0.02885718 0 0.706825225 0 0.707388225
  V= 0 0 -0.428571 0 0 0
T= 0.165
  X= 0.04 0.04 -0.02928575 0 0.706825225 0 0.707388225
  V= 0 0 -0.428571 0 0 0
T= 0.166
  X= 0.04 0.04 -0.02971432 0 0.706825225 0 0.707388225
  V= 0 0 -0.428571 0 0 0
T= 0.167
  X= 0.04 0.04 -0.03014289 0 0.706825225 0 0.707388225
  V= 0 0 -0.428571 0 0 0
T= 0.168
  X= 0.04 0.04 -0.03057146 0 0.706825225 0 0.707388225
  V= 0 0 -0.428571 0 0 0
T= 0.169
  X= 0.04 0.04 -0.03100003 0 0.706825225 0 0.707388225
  V= 0 0 -0.428571 0 0 0
T= 0.17
  X= 0.04 0.04 -0.0314286 0 0.706825225 0 0.707388225
  V= 0 0 -0.428571 0 0 0
T= 0.171
  X= 0.04 0.04 -0.03185717 0 0.706825225 0 0.707388225
  V= 0 0 -0.428571 0 0 0
T= 0.172
  X= 0.04 0.04 -0.03228574 0 0.706825225 0 0.707388225
  V= 0 0 -0.428571 0 0 0
T= 0.173
  X= 0.04 0.04 -0.03271431 0 0.706825225 0 0.707388225
  V= 0 0 -0.428571 0 0 0
T= 0.174
  X= 0.04 0.04 -0.03314288 0 0.706825225 0 0.707388225
  V= 0 0 -0.428571 0 0 0
T= 0.175
  X= 0.04 0.04 -0.03357145 0 0.706825225 0 0.707388225
  V= 0 0 -0.428571 0 0 0
T= 0.176
  X= 0.04 0.04 -0.03400002 0 0.706825225 0 0.707388225
  V= 0 0 -0.428571 0 0 0
T= 0.177
  X= 0.04 0.04 -0.03442859 0 0.706825225 0 0.707388225
  V= 0 0 -0.428571 0 0 0
T= 0.178
  X= 0.04 0.04 -0.03485716 0 0.706825225 0 0.707388225
  V= 0 0 -0.428571 0 0 0
T= 0.179
  X= 0.04 0.04 -0.03528573 0 0.706825225 0 0.707388225
  V= 0 0 -0.428571 0 0 0
T= 0.18
  X= 0.04 0.04 -0.0357143 0 0.706825225 0 0.707388225
  V= 0 0 -0.428571 0 0 0
T= 0.181
  X= 0.04 0.04 -0.03614287 0 0.706825225 0 0.707388225
  V= 0 0 -0.428571 0 0 0
T= 0.182
  X= 0.04 0.04 -0.03657144 0 0.706825225 0 0.707388225
  V= 0 0 -0.428571 0 0 0
T= 0.183
  X= 0.04 0.04 -0.03700001 0 0.706825225 0 0.707388225
  V= 0 0 -0.428571 0 0 0
T= 0.184
  X= 0.04 0.04 -0.03742858 0 0.706825225 0 0.707388225
  V= 0 0 -0.428571 0 0 0
T= 0.185
  X= 0.04 0.04 -0.03785715 0 0.706825225 0 0.707388225
  V= 0 0 -0.428571 0 0 0
T= 0.186
  X= 0.04 0.04 -0.03828572 0 0.706825225 0 0.707388225
  V= 0 0 -0.428571 0 0 0
T= 0.187
  X= 0.04 0.04 -0.03871429 0 0.706825225 0 0.707388225
  V= 0 0 -0.428571 0 0 0
T= 0.188
  X= 0.04 0.04 -0.03914286 0 0.706825225 0 0.707388225
  V= 0 0 -0.428571 0 0 0
T= 0.189
  X= 0.04 0.04 -0.03957143 0 0.706825225 0 0.707388225
  V= 0 0 -0.428571 0 0 0
T= 0.19
  X= 0.04 0.04 -0.04 0 0.706825225 0 0.707388225
  V= 0 0 -0.428571 0 0 0
T= 0.191
  X= 0.04 0.04 -0.04042857 0 0.706825225 0 0.707388225
  V= 0 0 -0.428571 0 0 0
T= 0.192
  X= 0.04 0.04 -0.04085714 0 0.706825225 0 0.707388225
  V= 0 0 -0.428571 0 0 0
T= 0.193
  X= 0.04 0.04 -0.04128571 0 0.706825225 0 0.707388225
  V= 0 0 -0.428571 0 0 0
T= 0.194
  X= 0.04 0.04 -0.04171428 0 0.706825225 0 0.707388225
  V= 0 0 -0.428571 0 0 0
T= 0.195
  X= 0.04 0.04 -0.04214285 0 0.706825225 0 0.707388225
  V= 0 0 -0.428571 0 0 0
T= 0.196
  X= 0.04 0.04 -0.04257142 0 0.706825225 0 0.707388225
  V= 0 0 -0.428571 0 0 0
T= 0.197
  X= 0.04 0.04 -0.04299999 0 0.706825225 0 0.707388225
  V= 0 0 -0.428571 0 0 0
T= 0.198
  X= 0.04 0.04 -0.04342856 0 0.706825225 0 0.707388225
  V= 0 0 -0.428571 0 0 0
T= 0.199
  X= 0.04 0.04 -0.04385713 0 0.706825225 0 0.707388225
  V= 0 0 -0.428571 0 0 0
T= 0.2
  X= 0.04 0.04 -0.0442857 0 0.706825225 0 0.707388225
  V= 0 0 -0.428571 0 0 0
T= 0.201
  X= 0.04 0.04 -0.04471427 0 0.706825225 0 0.707388225
  V= 0 0 -0.428571 0 0 0
T= 0.202
  X= 0.04 0.04 -0.04514284 0 0.706825225 0 0.707388225
  V= 0 0 -0.428571 0 0 0
T= 0.203
  X= 0.04 0.04 -0.04557141 0 0.706825225 0 0.707388225
  V= 0 0 -0.428571 0 0 0
T= 0.204
  X= 0.04 0.04 -0.04599998 0 0.706825225 0 0.707388225
  V= 0 0 -0.428571 0 0 0
T= 0.205
  X= 0.04 0.04 -0.04642855 0 0.706825225 0 0.707388225
  V= 0 0 -0.428571 0 0 0
T= 0.206
  X= 0.04 0.04 -0.04685712 0 0.706825225 0 0.707388225
  V= 0 0 -0.428571 0 0 0
T= 0.207
  X= 0.04 0.04 -0.04728569 0 0.706825225 0 0.707388225
  V= 0 0 -0.428571 0 0 0
T= 0.208
  X= 0.04 0.04 -0.04771426 0 0.706825225 0 0.707388225
  V= 0 0 -0.428571 0 0 0
T= 0.209
  X= 0.04 0.04 -0.04814283 0 0.706825225 0 0.707388225
  V= 0 0 -0.428571 0 0 0
T= 0.21
  X= 0.04 0.04 -0.0485714 0 0.706825225 0 0.707388225
  V= 0 0 -0.428571 0 0 0
T= 0.211
  X= 0.04 0.04 -0.04899997 0 0.706825225 0 0.707388225
  V= 0 0 -0.428571 0 0 0
T= 0.212
  X= 0.04 0.04 -0.04942854 0 0.706825225 0 0.707388225
  V= 0 0 -0.428571 0 0 0
T= 0.213
  X= 0.04 0.04 -0.04985711 0 0.706825225 0 0.707388225
  V= 0 0 -0.428571 0 0 0
T= 0.214
  X= 0.04 0.04 -0.05028568 0 0.706825225 0 0.707388225
  V= 0 0 -0.428571 0 0 0
T= 0.215
  X= 0.04 0.04 -0.05071425 0 0.706825225 0 0.707388225
  V= 0 0 -0.428571 0 0 0
T= 0.216
  X= 0.04 0.04 -0.05114282 0 0.706825225 0 0.707388225
  V= 0 0 -0.428571 0 0 0
T= 0.217
  X= 0.04 0.04 -0.05157139 0 0.706825225 0 0.707388225
  V= 0 0 -0.428571 0 0 0
T= 0.218
  X= 0.04 0.04 -0.05199996 0 0.706825225 0 0.707388225
  V= 0 0 -0.428571 0 0 0
T= 0.219
  X= 0.04 0.04 -0.05242853 0 0.706825225 0 0.707388225
  V= 0 0 -0.428571 0 0 0
T= 0.22
  X= 0.04 0.04 -0.0528571 0 0.706825225 0 0.707388225
  V= 0 0 -0.428571 0 0 0
T= 0.221
  X= 0.04 0.04 -0.05328568 0 0.706825225 0 0.707388225
  V= 0 0 -0.428571 0 0 0
T= 0.222
  X= 0.04 0.04 -0.05371426 0 0.706825225 0 0.707388225
  V= 0 0 -0.428571 0 0 0
T= 0.223
  X= 0.04 0.04 -0.05414284 0 0.706825225 0 0.707388225
  V= 0 0 -0.428571 0 0 0
T= 0.224
  X= 0.04 0.04 -0.05457142 0 0.706825225 0 0.707388225
  V= 0 0 -0.428571 0 0 0
T= 0.225
  X= 0.04 0.04 -0.055 0 0.706825225 0 0.707388225
  V= 0 0 -0.428571 0 0 0
T= 0.226
  X= 0.04 0.04 -0.05542858 0 0.706825225 0 0.707388225
  V= 0 0 -0.428571 0 0 0
T= 0.227
  X= 0.04 0.04 -0.05585716 0 0.706825225 0 0.707388225
  V= 0 0 -0.428571 0 0 0
T= 0.228
  X= 0.04 0.04 -0.05628574 0 0.706825225 0 0.707388225
  V= 0 0 -0.428571 0 0 0
T= 0.229
  X= 0.04 0.04 -0.05671432 0 0.706825225 0 0.707388225
  V= 0 0 -0.428571 0 0 0
T= 0.23
  X= 0.04 0.04 -0.0571429 0 0.706825225 0 0.707388225
  V= 0 0 -0.428571 0 0 0
T= 0.231
  X= 0.04 0.04 -0.05757147 0 0.706825225 0 0.707388225
  V= 0 0 -0.428571 0 0 0
T= 0.232
  X= 0.04 0.04 -0.05800004 0 0.706825225 0 0.707388225
  V= 0 0 -0.428571 0 0 0
T= 0.233
  X= 0.04 0.04 -0.05842861 0 0.706825225 0 0.707388225
  V= 0 0 -0.428571 0 0 0
T= 0.234
  X= 0.04 0.04 -0.05885718 0 0.706825225 0 0.707388225
  V= 0 0 -0.428571 0 0 0
T= 0.235
  X= 0.04 0.04 -0.05928575 0 0.706825225 0 0.707388225
  V= 0 0 -0.428571 0 0 0
T= 0.236
  X= 0.04 0.04 -0.05971432 0 0.706825225 0 0.707388225
  V= 0 0 -0.428571 0 0 0
T= 0.237
  X= 0.04 0.04 -0.06014289 0 0.706825225 0 0.707388225
  V= 0 0 -0.428571 0 0 0
T= 0.238
  X= 0.04 0.04 -0.06057146 0 0.706825225 0 0.707388225
  V= 0 0 -0.428571 0 0 0
T= 0.239
  X= 0.04 0.04 -0.06100003 0 0.706825225 0 0.707388225
  V= 0 0 -0.428571 0 0 0
T= 0.24
  X= 0.04 0.04 -0.0614286 0 0.706825225 0 0.707388225
  V= 0 0 -0.428571 0 0 0
T= 0.241
  X= 0.04 0.04 -0.06185717 0 0.706825225 0 0.707388225
  V= 0 0 -0.428571 0 0 0
T= 0.242
  X= 0.04 0.04 -0.06228574 0 0.706825225 0 0.707388225
  V= 0 0 -0.428571 0 0 0
T= 0.243
  X= 0.04 0.04 -0.06271431 0 0.706825225 0 0.707388225
  V= 0 0 -0.428571 0 0 0
T= 0.244
  X= 0.04 0.04 -0.06314288 0 0.706825225 0 0.707388225
  V= 0 0 -0.428571 0 0 0
T= 0.245
  X= 0.04 0.04 -0.06357145 0 0.706825225 0 0.707388225
  V= 0 0 -0.428571 0 0 0
T= 0.246
  X= 0.04 0.04 -0.06400002 0 0.706825225 0 0.707388225
  V= 0 0 -0.428571 0 0 0
T= 0.247
  X= 0.04 0.04 -0.06442859 0 0.706825225 0 0.707388225
  V= 0 0 -0.428571 0 0 0
T= 0.248
  X= 0.04 0.04 -0.06485716 0 0.706825225 0 0.707388225
  V= 0 0 -0.428571 0 0 0
T= 0.249
  X= 0.04 0.04 -0.06528573 0 0.706825225 0 0.707388225
  V= 0 0 -0.428571 0 0 0
T= 0.25
  X= 0.04 0.04 -0.0657143 0 0.706825225 0 0.707388225
  V= 0 0 -0.428571 0 0 0
T= 0.251
  X= 0.04 0.04 -0.06614287 0 0.706825225 0 0.707388225
  V= 0.02 0 -0.3857139 0 0.3925 0
T= 0.252
  X= 0.04 0.04 -0.06657144 0 0.706825225 0 0.707388225
  V= 0.04 0 -0.3428568 0 0.785 0
T= 0.253
  X= 0.04 0.04 -0.06700001 0 0.706825225 0 0.707388225
  V= 0.06 0 -0.2999997 0 1.1775 0
T= 0.254
  X= 0.04 0.04 -0.06742858 0 0.706825225 0 0.707388225
  V= 0.08 0 -0.2571426 0 1.57 0
T= 0.255
  X= 0.04 0.04 -0.06785715 0 0.706825225 0 0.707388225
  V= 0.1 0 -0.2142855 0 1.9625 0
T= 0.256
  X= 0.04 0.04 -0.06828572 0 0.706825225 0 0.707388225
  V= 0.12 0 -0.1714284 0 2.355 0
T= 0.257
  X= 0.04 0.04 -0.06871429 0 0.706825225 0 0.707388225
  V= 0.14 0 -0.1285713 0 2.7475 0
T= 0.258
  X= 0.04 0.04 -0.06914286 0 0.706825225 0 0.707388225
  V= 0.16 0 -0.0857142 0 3.14 0
T= 0.259
  X= 0.04 0.04 -0.06957143 0 0.706825225 0 0.707388225
  V= 0.18 0 -0.0428571 0 3.5325 0
T= 0.26
  X= 0.04 0.04 -0.07 0 0.706825225 0 0.707388225
  V= 0.2 0 0 0 3.925 0
T= 0.261
  X= 0.0402 0.04 -0.07 0 0.708212085 0 0.705999746
  V= 0.2 0 0 0 3.925 0
T= 0.262
  X= 0.0404 0.04 -0.07 0 0.709596261 0 0.704608506
  V= 0.2 0 0 0 3.925 0
T= 0.263
  X= 0.0406 0.04 -0.07 0 0.710977735 0 0.703214519
  V= 0.2 0 0 0 3.925 0
T= 0.264
  X= 0.0408 0.04 -0.07 0 0.712356492 0 0.701817803
  V= 0.2 0 0 0 3.925 0
T= 0.265
  X= 0.041 0.04 -0.07 0 0.713732516 0 0.700418372
  V= 0.2 0 0 0 3.925 0
T= 0.266
  X= 0.0412 0.04 -0.07 0 0.71510579 0 0.699016244
  V= 0.2 0 0 0 3.925 0
T= 0.267
  X= 0.0414 0.04 -0.07 0 0.7164763 0 0.697611433
  V= 0.2 0 0 0 3.925 0
T= 0.268
  X= 0.0416 0.04 -0.07 0 0.717844028 0 0.696203958
  V= 0.2 0 0 0 3.925 0
T= 0.269
  X= 0.0418 0.04 -0.07 0 0.71920896 0 0.694793834
  V= 0.2 0 0 0 3.925 0
T= 0.27
  X= 0.042 0.04 -0.07 0 0.72057108 0 0.693381077
  V= 0.2 0 0 0 3.925 0
T= 0.271
  X= 0.0422 0.04 -0.07 0 0.72193035 0 0.691965729
  V= 0.2 0 0 0 3.925 0
T= 0.272
  X= 0.0424 0.04 -0.07 0 0.723286881 0 0.690547672
  V= 0.2 0 0 0 3.925 0
T= 0.273
  X= 0.0426 0.04 -0.07 0 0.724640658 0 0.689126924
  V= 0.2 0 0 0 3.925 0
T= 0.274
  X= 0.0428 0.04 -0.07 0 0.725991664 0 0.6877035
  V= 0.2 0 0 0 3.925 0
T= 0.275
  X= 0.043 0.04 -0.07 0 0.727339885 0 0.686277416
  V= 0.2 0 0 0 3.925 0
T= 0.276
  X= 0.0432 0.04 -0.07 0 0.728685305 0 0.684848689
  V= 0.2 0 0 0 3.925 0
T= 0.277
  X= 0.0434 0.04 -0.07 0 0.730027907 0 0.683417336
  V= 0.2 0 0 0 3.925 0
T= 0.278
  X= 0.0436 0.04 -0.07 0 0.731367677 0 0.681983373
  V= 0.2 0 0 0 3.925 0
T= 0.279
  X= 0.0438 0.04 -0.07 0 0.732704599 0 0.680546817
  V= 0.2 0 0 0 3.925 0
T= 0.28
  X= 0.044 0.04 -0.07 0 0.734038659 0 0.679107684
  V= 0.2 0 0 0 3.925 0
T= 0.281
  X= 0.0442 0.04 -0.07 0 0.73536995 0 0.677665873
  V= 0.2 0 0 0 3.925 0
T= 0.282
  X= 0.0444 0.04 -0.07 0 0.736698451 0 0.676221408
  V= 0.2 0 0 0 3.925 0
T= 0.283
  X= 0.0446 0.04 -0.07 0 0.738024145 0 0.674774304
  V= 0.2 0 0 0 3.925 0
T= 0.284
  X= 0.0448 0.04 -0.07 0 0.739347017 0 0.673324579
  V= 0.2 0 0 0 3.925 0
T= 0.285
  X= 0.045 0.04 -0.07 0 0.740667051 0 0.671872249
  V= 0.2 0 0 0 3.925 0
T= 0.286
  X= 0.0452 0.04 -0.07 0 0.741984233 0 0.670417331
  V= 0.2 0 0 0 3.925 0
T= 0.287
  X= 0.0454 0.04 -0.07 0 0.743298547 0 0.668959842
  V= 0.2 0 0 0 3.925 0
T= 0.288
  X= 0.0456 0.04 -0.07 0 0.744609978 0 0.667499798
  V= 0.2 0 0 0 3.925 0
T= 0.289
  X= 0.0458 0.04 -0.07 0 0.745918511 0 0.666037218
  V= 0.2 0 0 0 3.925 0
T= 0.29
  X= 0.046 0.04 -0.07 0 0.747224131 0 0.664572117
  V= 0.2 0 0 0 3.925 0
T= 0.291
  X= 0.0462 0.04 -0.07 0 0.748526817 0 0.66310452
  V= 0.2 0 0 0 3.925 0
T= 0.292
  X= 0.0464 0.04 -0.07 0 0.74982666 0 0.661634325
  V= 0.2 0 0 0 3.925 0
T= 0.293
  X= 0.0466 0.04 -0.07 0 0.751123646 0 0.660161547
  V= 0.2 0 0 0 3.925 0
T= 0.294
  X= 0.0468 0.04 -0.07 0 0.752417759 0 0.658686204
  V= 0.2 0 0 0 3.925 0
T= 0.295
  X= 0.047 0.04 -0.07 0 0.753708984 0 0.657208313
  V= 0.2 0 0 0 3.925 0
T= 0.296
  X= 0.0472 0.04 -0.07 0 0.754997307 0 0.655727891
  V= 0.2 0 0 0 3.925 0
T= 0.297
  X= 0.0474 0.04 -0.07 0 0.756282711 0 0.654244954
  V= 0.2 0 0 0 3.925 0
T= 0.298
  X= 0.0476 0.04 -0.07 0 0.757565184 0 0.652759521
  V= 0.2 0 0 0 3.925 0
T= 0.299
  X= 0.0478 0.04 -0.07 0 0.758844709 0 0.651271608
  V= 0.2 0 0 0 3.925 0
T= 0.3
  X= 0.048 0.04 -0.07 0 0.760121273 0 0.649781233
  V= 0.2 0 0 0 3.925 0
T= 0.301
  X= 0.0482 0.04 -0.07 0 0.761394978 0 0.648288275
  V= 0.16 0 0 0 3.14 0
T= 0.302
  X= 0.0484 0.04 -0.07 0 0.762665789 0 0.646792775
  V= 0.12 0 0 0 2.355 0
T= 0.303
  X= 0.0486 0.04 -0.07 0 0.763933693 0 0.645294749
  V= 0.08 0 0 0 1.57 0
T= 0.304
  X= 0.0488 0.04 -0.07 0 0.765198674 0 0.643794214
  V= 0.04 0 0 0 0.785 0
T= 0.305
  X= 0.049 0.04 -0.07 0 0.766460717 0 0.642291188
  V= 0 0 0 0 0 0
T= 0.306
  X= 0.0492 0.04 -0.07 0 0.767719808 0 0.640785687
  V= -0.04 0 0 0 -0.785 0
T= 0.307
  X= 0.0494 0.04 -0.07 0 0.768975932 0 0.63927773
  V= -0.08 0 0 0 -1.57 0
T= 0.308
  X= 0.0496 0.04 -0.07 0 0.770229075 0 0.637767334
  V= -0.12 0 0 0 -2.355 0
T= 0.309
  X= 0.0498 0.04 -0.07 0 0.771479222 0 0.636254517
  V= -0.16 0 0 0 -3.14 0
T= 0.31
  X= 0.05 0.04 -0.07 0 0.77272636 0 0.634739295
  V= -0.2 0 0 0 -3.925 0
T= 0.311
  X= 0.0498 0.04 -0.07 0 0.771479222 0 0.636254517
  V= -0.2 0 0 0 -3.925 0
T= 0.312
  X= 0.0496 0.04 -0.07 0 0.770229075 0 0.637767334
  V= -0.2 0 0 0 -3.925 0
T= 0.313
  X= 0.0494 0.04 -0.07 0 0.768975932 0 0.63927773
  V= -0.2 0 0 0 -3.925 0
T= 0.314
  X= 0.0492 0.04 -0.07 0 0.767719808 0 0.640785687
  V= -0.2 0 0 0 -3.925 0
T= 0.315
  X= 0.049 0.04 -0.07 0 0.766460717 0 0.642291188
  V= -0.2 0 0 0 -3.925 0
T= 0.316
  X= 0.0488 0.04 -0.07 0 0.765198674 0 0.643794214
  V= -0.2 0 0 0 -3.925 0
T= 0.317
  X= 0.0486 0.04 -0.07 0 0.763933693 0 0.645294749
  V= -0.2 0 0 0 -3.925 0
T= 0.318
  X= 0.0484 0.04 -0.07 0 0.762665789 0 0.646792775
  V= -0.2 0 0 0 -3.925 0
T= 0.319
  X= 0.0482 0.04 -0.07 0 0.761394978 0 0.648288275
  V= -0.2 0 0 0 -3.925 0
T= 0.32
  X= 0.048 0.04 -0.07 0 0.760121273 0 0.649781233
  V= -0.2 0 0 0 -3.925 0
T= 0.321
  X= 0.0478 0.04 -0.07 0 0.758844709 0 0.651271608
  V= -0.2 0 0 0 -3.925 0
T= 0.322
  X= 0.0476 0.04 -0.07 0 0.757565184 0 0.652759521
  V= -0.2 0 0 0 -3.925 0
T= 0.323
  X= 0.0474 0.04 -0.07 0 0.756282711 0 0.654244954
  V= -0.2 0 0 0 -3.925 0
T= 0.324
  X= 0.0472 0.04 -0.07 0 0.754997307 0 0.655727891
  V= -0.2 0 0 0 -3.925 0
T= 0.325
  X= 0.047 0.04 -0.07 0 0.753708984 0 0.657208313
  V= -0.2 0 0 0 -3.925 0
T= 0.326
  X= 0.0468 0.04 -0.07 0 0.752417759 0 0.658686204
  V= -0.2 0 0 0 -3.925 0
T= 0.327
  X= 0.0466 0.04 -0.07 0 0.751123646 0 0.660161547
  V= -0.2 0 0 0 -3.925 0
T= 0.328
  X= 0.0464 0.04 -0.07 0 0.74982666 0 0.661634325
  V= -0.2 0 0 0 -3.925 0
T= 0.329
  X= 0.0462 0.04 -0.07 0 0.748526817 0 0.66310452
  V= -0.2 0 0 0 -3.925 0
T= 0.33
  X= 0.046 0.04 -0.07 0 0.747224131 0 0.664572117
  V= -0.2 0 0 0 -3.925 0
T= 0.331
  X= 0.0458 0.04 -0.07 0 0.745918511 0 0.666037218
  V= -0.2 0 0 0 -3.925 0
T= 0.332
  X= 0.0456 0.04 -0.07 0 0.744609978 0 0.667499798
  V= -0.2 0 0 0 -3.925 0
T= 0.333
  X= 0.0454 0.04 -0.07 0 0.743298547 0 0.668959842
  V= -0.2 0 0 0 -3.925 0
T= 0.334
  X= 0.0452 0.04 -0.07 0 0.741984233 0 0.670417331
  V= -0.2 0 0 0 -3.925 0
T= 0.335
  X= 0.045 0.04 -0.07 0 0.740667051 0 0.671872249
  V= -0.2 0 0 0 -3.925 0
T= 0.336
  X= 0.0448 0.04 -0.07 0 0.739347017 0 0.673324579
  V= -0.2 0 0 0 -3.925 0
T= 0.337
  X= 0.0446 0.04 -0.07 0 0.738024145 0 0.674774304
  V= -0.2 0 0 0 -3.925 0
T= 0.338
  X= 0.0444 0.04 -0.07 0 0.736698451 0 0.676221408
  V= -0.2 0 0 0 -3.925 0
T= 0.339
  X= 0.0442 0.04 -0.07 0 0.73536995 0 0.677665873
  V= -0.2 0 0 0 -3.925 0
T= 0.34
  X= 0.044 0.04 -0.07 0 0.734038659 0 0.679107684
  V= -0.2 0 0 0 -3.925 0
T= 0.341
  X= 0.0438 0.04 -0.07 0 0.732704599 0 0.680546817
  V= -0.2 0 0 0 -3.925 0
T= 0.342
  X= 0.0436 0.04 -0.07 0 0.731367677 0 0.681983373
  V= -0.2 0 0 0 -3.925 0
T= 0.343
  X= 0.0434 0.04 -0.07 0 0.730027907 0 0.683417336
  V= -0.2 0 0 0 -3.925 0
T= 0.344
  X= 0.0432 0.04 -0.07 0 0.728685305 0 0.684848689
  V= -0.2 0 0 0 -3.925 0
T= 0.345
  X= 0.043 0.04 -0.07 0 0.727339885 0 0.686277416
  V= -0.2 0 0 0 -3.925 0
T= 0.346
  X= 0.0428 0.04 -0.07 0 0.725991664 0 0.6877035
  V= -0.2 0 0 0 -3.925 0
T= 0.347
  X= 0.0426 0.04 -0.07 0 0.724640658 0 0.689126924
  V= -0.2 0 0 0 -3.925 0
T= 0.348
  X= 0.0424 0.04 -0.07 0 0.723286881 0 0.690547672
  V= -0.2 0 0 0 -3.925 0
T= 0.349
  X= 0.0422 0.04 -0.07 0 0.72193035 0 0.691965729
  V= -0.2 0 0 0 -3.925 0
T= 0.35
  X= 0.042 0.04 -0.07 0 0.72057108 0 0.693381077
  V= -0.2 0 2.08166817e-15 0 -3.925 0
T= 0.351
  X= 0.0418 0.04 -0.07 0 0.71920896 0 0.694793834
  V= -0.18 0 0.0375 0 -3.5325 0
T= 0.352
  X= 0.0416 0.04 -0.07 0 0.717844028 0 0.696203958
  V= -0.16 0 0.075 0 -3.14 0
T= 0.353
  X= 0.0414 0.04 -0.07 0 0.7164763 0 0.697611433
  V= -0.14 0 0.1125 0 -2.7475 0
T= 0.354
  X= 0.0412 0.04 -0.07 0 0.71510579 0 0.699016244
  V= -0.12 0 0.15 0 -2.355 0
T= 0.355
  X= 0.041 0.04 -0.07 0 0.713732516 0 0.700418372
  V= -0.1 0 0.1875 0 -1.9625 0
T= 0.356
  X= 0.0408 0.04 -0.07 0 0.712356492 0 0.701817803
  V= -0.08 0 0.225 0 -1.57 0
T= 0.357
  X= 0.0406 0.04 -0.07 0 0.710977735 0 0.703214519
  V= -0.06 0 0.2625 0 -1.1775 0
T= 0.358
  X= 0.0404 0.04 -0.07 0 0.709596261 0 0.704608506
  V= -0.04 0 0.3 0 -0.785 0
T= 0.359
  X= 0.0402 0.04 -0.07 0 0.708212085 0 0.705999746
  V= -0.02 0 0.3375 0 -0.3925 0
T= 0.36
  X= 0.04 0.04 -0.07 0 0.706825225 0 0.707388225
  V= 0 0 0.375 0 0 0
T= 0.361
  X= 0.04 0.04 -0.069625 0 0.706825225 0 0.707388225
  V= 0 0 0.375 0 0 0
T= 0.362
  X= 0.04 0.04 -0.06925 0 0.706825225 0 0.707388225
  V= 0 0 0.375 0 0 0
T= 0.363
  X= 0.04 0.04 -0.068875 0 0.706825225 0 0.707388225
  V= 0 0 0.375 0 0 0
T= 0.364
  X= 0.04 0.04 -0.0685 0 0.706825225 0 0.707388225
  V= 0 0 0.375 0 0 0
T= 0.365
  X= 0.04 0.04 -0.068125 0 0.706825225 0 0.707388225
  V= 0 0 0.375 0 0 0
T= 0.366
  X= 0.04 0.04 -0.06775 0 0.706825225 0 0.707388225
  V= 0 0 0.375 0 0 0
T= 0.367
  X= 0.04 0.04 -0.067375 0 0.706825225 0 0.707388225
  V= 0 0 0.375 0 0 0
T= 0.368
  X= 0.04 0.04 -0.067 0 0.706825225 0 0.707388225
  V= 0 0 0.375 0 0 0
T= 0.369
  X= 0.04 0.04 -0.066625 0 0.706825225 0 0.707388225
  V= 0 0 0.375 0 0 0
T= 0.37
  X= 0.04 0.04 -0.06625 0 0.706825225 0 0.707388225
  V= 0 0 0.375 0 0 0
T= 0.371
  X= 0.04 0.04 -0.065875 0 0.706825225 0 0.707388225
  V= 0 0 0.375 0 0 0
T= 0.372
  X= 0.04 0.04 -0.0655 0 0.706825225 0 0.707388225
  V= 0 0 0.375 0 0 0
T= 0.373
  X= 0.04 0.04 -0.065125 0 0.706825225 0 0.707388225
  V= 0 0 0.375 0 0 0
T= 0.374
  X= 0.04 0.04 -0.06475 0 0.706825225 0 0.707388225
  V= 0 0 0.375 0 0 0
T= 0.375
  X= 0.04 0.04 -0.064375 0 0.706825225 0 0.707388225
  V= 0 0 0.375 0 0 0
T= 0.376
  X= 0.04 0.04 -0.064 0 0.706825225 0 0.707388225
  V= 0 0 0.375 0 0 0
T= 0.377
  X= 0.04 0.04 -0.063625 0 0.706825225 0 0.707388225
  V= 0 0 0.375 0 0 0
T= 0.378
  X= 0.04 0.04 -0.06325 0 0.706825225 0 0.707388225
  V= 0 0 0.375 0 0 0
T= 0.379
  X= 0.04 0.04 -0.062875 0 0.706825225 0 0.707388225
  V= 0 0 0.375 0 0 0
T= 0.38
  X= 0.04 0.04 -0.0625 0 0.706825225 0 0.707388225
  V= 0 0 0.375 0 0 0
T= 0.381
  X= 0.04 0.04 -0.062125 0 0.706825225 0 0.707388225
  V= 0 0 0.375 0 0 0
T= 0.382
  X= 0.04 0.04 -0.06175 0 0.706825225 0 0.707388225
  V= 0 0 0.375 0 0 0
T= 0.383
  X= 0.04 0.04 -0.061375 0 0.706825225 0 0.707388225
  V= 0 0 0.375 0 0 0
T= 0.384
  X= 0.04 0.04 -0.061 0 0.706825225 0 0.707388225
  V= 0 0 0.375 0 0 0
T= 0.385
  X= 0.04 0.04 -0.060625 0 0.706825225 0 0.707388225
  V= 0 0 0.375 0 0 0
T= 0.386
  X= 0.04 0.04 -0.06025 0 0.706825225 0 0.707388225
  V= 0 0 0.375 0 0 0
T= 0.387
  X= 0.04 0.04 -0.059875 0 0.706825225 0 0.707388225
  V= 0 0 0.375 0 0 0
T= 0.388
  X= 0.04 0.04 -0.0595 0 0.706825225 0 0.707388225
  V= 0 0 0.375 0 0 0
T= 0.389
  X= 0.04 0.04 -0.059125 0 0.706825225 0 0.707388225
  V= 0 0 0.375 0 0 0
T= 0.39
  X= 0.04 0.04 -0.05875 0 0.706825225 0 0.707388225
  V= 0 0 0.375 0 0 0
T= 0.391
  X= 0.04 0.04 -0.058375 0 0.706825225 0 0.707388225
  V= 0 0 0.375 0 0 0
T= 0.392
  X= 0.04 0.04 -0.058 0 0.706825225 0 0.707388225
  V= 0 0 0.375 0 0 0
T= 0.393
  X= 0.04 0.04 -0.057625 0 0.706825225 0 0.707388225
  V= 0 0 0.375 0 0 0
T= 0.394
  X= 0.04 0.04 -0.05725 0 0.706825225 0 0.707388225
  V= 0 0 0.375 0 0 0
T= 0.395
  X= 0.04 0.04 -0.056875 0 0.706825225 0 0.707388225
  V= 0 0 0.375 0 0 0
T= 0.396
  X= 0.04 0.04 -0.0565 0 0.706825225 0 0.707388225
  V= 0 0 0.375 0 0 0
T= 0.397
  X= 0.04 0.04 -0.056125 0 0.706825225 0 0.707388225
  V= 0 0 0.375 0 0 0
T= 0.398
  X= 0.04 0.04 -0.05575 0 0.706825225 0 0.707388225
  V= 0 0 0.375 0 0 0
T= 0.399
  X= 0.04 0.04 -0.055375 0 0.706825225 0 0.707388225
  V= 0 0 0.375 0 0 0
T= 0.4
  X= 0.04 0.04 -0.055 0 0.706825225 0 0.707388225
  V= 0 0 0.375 0 0 0
T= 0.401
  X= 0.04 0.04 -0.054625 0 0.706825225 0 0.707388225
  V= 0 0 0.375 0 0 0
T= 0.402
  X= 0.04 0.04 -0.05425 0 0.706825225 0 0.707388225
  V= 0 0 0.375 0 0 0
T= 0.403
  X= 0.04 0.04 -0.053875 0 0.706825225 0 0.707388225
  V= 0 0 0.375 0 0 0
T= 0.404
  X= 0.04 0.04 -0.0535 0 0.706825225 0 0.707388225
  V= 0 0 0.375 0 0 0
T= 0.405
  X= 0.04 0.04 -0.053125 0 0.706825225 0 0.707388225
  V= 0 0 0.375 0 0 0
T= 0.406
  X= 0.04 0.04 -0.05275 0 0.706825225 0 0.707388225
  V= 0 0 0.375 0 0 0
T= 0.407
  X= 0.04 0.04 -0.052375 0 0.706825225 0 0.707388225
  V= 0 0 0.375 0 0 0
T= 0.408
  X= 0.04 0.04 -0.052 0 0.706825225 0 0.707388225
  V= 0 0 0.375 0 0 0
T= 0.409
  X= 0.04 0.04 -0.051625 0 0.706825225 0 0.707388225
  V= 0 0 0.375 0 0 0
T= 0.41
  X= 0.04 0.04 -0.05125 0 0.706825225 0 0.707388225
  V= 0 0 0.375 0 0 0
T= 0.411
  X= 0.04 0.04 -0.050875 0 0.706825225 0 0.707388225
  V= 0 0 0.375 0 0 0
T= 0.412
  X= 0.04 0.04 -0.0505 0 0.706825225 0 0.707388225
  V= 0 0 0.375 0 0 0
T= 0.413
  X= 0.04 0.04 -0.050125 0 0.706825225 0 0.707388225
  V= 0 0 0.375 0 0 0
T= 0.414
  X= 0.04 0.04 -0.04975 0 0.706825225 0 0.707388225
  V= 0 0 0.375 0 0 0
T= 0.415
  X= 0.04 0.04 -0.049375 0 0.706825225 0 0.707388225
  V= 0 0 0.375 0 0 0
T= 0.416
  X= 0.04 0.04 -0.049 0 0.706825225 0 0.707388225
  V= 0 0 0.375 0 0 0
T= 0.417
  X= 0.04 0.04 -0.048625 0 0.706825225 0 0.707388225
  V= 0 0 0.375 0 0 0
T= 0.418
  X= 0.04 0.04 -0.04825 0 0.706825225 0 0.707388225
  V= 0 0 0.375 0 0 0
T= 0.419
  X= 0.04 0.04 -0.047875 0 0.706825225 0 0.707388225
  V= 0 0 0.375 0 0 0
T= 0.42
  X= 0.04 0.04 -0.0475 0 0.706825225 0 0.707388225
  V= 0 0 0.375 0 0 0
T= 0.421
  X= 0.04 0.04 -0.047125 0 0.706825225 0 0.707388225
  V= 0 0 0.375 0 0 0
T= 0.422
  X= 0.04 0.04 -0.04675 0 0.706825225 0 0.707388225
  V= 0 0 0.375 0 0 0
T= 0.423
  X= 0.04 0.04 -0.046375 0 0.706825225 0 0.707388225
  V= 0 0 0.375 0 0 0
T= 0.424
  X= 0.04 0.04 -0.046 0 0.706825225 0 0.707388225
  V= 0 0 0.375 0 0 0
T= 0.425
  X= 0.04 0.04 -0.045625 0 0.706825225 0 0.707388225
  V= 0 0 0.375 0 0 0
T= 0.426
  X= 0.04 0.04 -0.04525 0 0.706825225 0 0.707388225
  V= 0 0 0.375 0 0 0
T= 0.427
  X= 0.04 0.04 -0.044875 0 0.706825225 0 0.707388225
  V= 0 0 0.375 0 0 0
T= 0.428
  X= 0.04 0.04 -0.0445 0 0.706825225 0 0.707388225
  V= 0 0 0.375 0 0 0
T= 0.429
  X= 0.04 0.04 -0.044125 0 0.706825225 0 0.707388225
  V= 0 0 0.375 0 0 0
T= 0.43
  X= 0.04 0.04 -0.04375 0 0.706825225 0 0.707388225
  V= 0 0 0.375 0 0 0
T= 0.431
  X= 0.04 0.04 -0.043375 0 0.706825225 0 0.707388225
  V= 0 0 0.375 0 0 0
T= 0.432
  X= 0.04 0.04 -0.043 0 0.706825225 0 0.707388225
  V= 0 0 0.375 0 0 0
T= 0.433
  X= 0.04 0.04 -0.042625 0 0.706825225 0 0.707388225
  V= 0 0 0.375 0 0 0
T= 0.434
  X= 0.04 0.04 -0.04225 0 0.706825225 0 0.707388225
  V= 0 0 0.375 0 0 0
T= 0.435
  X= 0.04 0.04 -0.041875 0 0.706825225 0 0.707388225
  V= 0 0 0.375 0 0 0
T= 0.436
  X= 0.04 0.04 -0.0415 0 0.706825225 0 0.707388225
  V= 0 0 0.375 0 0 0
T= 0.437
  X= 0.04 0.04 -0.041125 0 0.706825225 0 0.707388225
  V= 0 0 0.375 0 0 0
T= 0.438
  X= 0.04 0.04 -0.04075 0 0.706825225 0 0.707388225
  V= 0 0 0.375 0 0 0
T= 0.439
  X= 0.04 0.04 -0.040375 0 0.706825225 0 0.707388225
  V= 0 0 0.375 0 0 0
T= 0.44
  X= 0.04 0.04 -0.04 0 0.706825225 0 0.707388225
  V= 0 0 0.375 0 0 0
T= 0.441
  X= 0.04 0.04 -0.039625 0 0.706825225 0 0.707388225
  V= 0 0 0.375 0 0 0
T= 0.442
  X= 0.04 0.04 -0.03925 0 0.706825225 0 0.707388225
  V= 0 0 0.375 0 0 0
T= 0.443
  X= 0.04 0.04 -0.038875 0 0.706825225 0 0.707388225
  V= 0 0 0.375 0 0 0
T= 0.444
  X= 0.04 0.04 -0.0385 0 0.706825225 0 0.707388225
  V= 0 0 0.375 0 0 0
T= 0.445
  X= 0.04 0.04 -0.038125 0 0.706825225 0 0.707388225
  V= 0 0 0.375 0 0 0
T= 0.446
  X= 0.04 0.04 -0.03775 0 0.706825225 0 0.707388225
  V= 0 0 0.375 0 0 0
T= 0.447
  X= 0.04 0.04 -0.037375 0 0.706825225 0 0.707388225
  V= 0 0 0.375 0 0 0
T= 0.448
  X= 0.04 0.04 -0.037 0 0.706825225 0 0.707388225
  V= 0 0 0.375 0 0 0
T= 0.449
  X= 0.04 0.04 -0.036625 0 0.706825225 0 0.707388225
  V= 0 0 0.375 0 0 0
T= 0.45
  X= 0.04 0.04 -0.03625 0 0.706825225 0 0.707388225
  V= 0 0 0.375 0 0 0
T= 0.451
  X= 0.04 0.04 -0.035875 0 0.706825225 0 0.707388225
  V= 0 0 0.375 0 0 0
T= 0.452
  X= 0.04 0.04 -0.0355 0 0.706825225 0 0.707388225
  V= 0 0 0.375 0 0 0
T= 0.453
  X= 0.04 0.04 -0.035125 0 0.706825225 0 0.707388225
  V= 0 0 0.375 0 0 0
T= 0.454
  X= 0.04 0.04 -0.03475 0 0.706825225 0 0.707388225
  V= 0 0 0.375 0 0 0
T= 0.455
  X= 0.04 0.04 -0.034375 0 0.706825225 0 0.707388225
  V= 0 0 0.375 0 0 0
T= 0.456
  X= 0.04 0.04 -0.034 0 0.706825225 0 0.707388225
  V= 0 0 0.375 0 0 0
T= 0.457
  X= 0.04 0.04 -0.033625 0 0.706825225 0 0.707388225
  V= 0 0 0.375 0 0 0
T= 0.458
  X= 0.04 0.04 -0.03325 0 0.706825225 0 0.707388225
  V= 0 0 0.375 0 0 0
T= 0.459
  X= 0.04 0.04 -0.032875 0 0.706825225 0 0.707388225
  V= 0 0 0.375 0 0 0
T= 0.46
  X= 0.04 0.04 -0.0325 0 0.706825225 0 0.707388225
  V= 0 0 0.375 0 0 0
T= 0.461
  X= 0.04 0.04 -0.032125 0 0.706825225 0 0.707388225
  V= 0 0 0.375 0 0 0
T= 0.462
  X= 0.04 0.04 -0.03175 0 0.706825225 0 0.707388225
  V= 0 0 0.375 0 0 0
T= 0.463
  X= 0.04 0.04 -0.031375 0 0.706825225 0 0.707388225
  V= 0 0 0.375 0 0 0
T= 0.464
  X= 0.04 0.04 -0.031 0 0.706825225 0 0.707388225
  V= 0 0 0.375 0 0 0
T= 0.465
  X= 0.04 0.04 -0.030625 0 0.706825225 0 0.707388225
  V= 0 0 0.375 0 0 0
T= 0.466
  X= 0.04 0.04 -0.03025 0 0.706825225 0 0.707388225
  V= 0 0 0.375 0 0 0
T= 0.467
  X= 0.04 0.04 -0.029875 0 0.706825225 0 0.707388225
  V= 0 0 0.375 0 0 0
T= 0.468
  X= 0.04 0.04 -0.0295 0 0.706825225 0 0.707388225
  V= 0 0 0.375 0 0 0
T= 0.469
  X= 0.04 0.04 -0.029125 0 0.706825225 0 0.707388225
  V= 0 0 0.375 0 0 0
T= 0.47
  X= 0.04 0.04 -0.02875 0 0.706825225 0 0.707388225
  V= 0 0 0.375 0 0 0
T= 0.471
  X= 0.04 0.04 -0.028375 0 0.706825225 0 0.707388225
  V= 0 0 0.375 0 0 0
T= 0.472
  X= 0.04 0.04 -0.028 0 0.706825225 0 0.707388225
  V= 0 0 0.375 0 0 0
T= 0.473
  X= 0.04 0.04 -0.027625 0 0.706825225 0 0.707388225
  V= 0 0 0.375 0 0 0
T= 0.474
  X= 0.04 0.04 -0.02725 0 0.706825225 0 0.707388225
  V= 0 0 0.375 0 0 0
T= 0.475
  X= 0.04 0.04 -0.026875 0 0.706825225 0 0.707388225
  V= 0 0 0.375 0 0 0
T= 0.476
  X= 0.04 0.04 -0.0265 0 0.706825225 0 0.707388225
  V= 0 0 0.375 0 0 0
T= 0.477
  X= 0.04 0.04 -0.026125 0 0.706825225 0 0.707388225
  V= 0 0 0.375 0 0 0
T= 0.478
  X= 0.04 0.04 -0.02575 0 0.706825225 0 0.707388225
  V= 0 0 0.375 0 0 0
T= 0.479
  X= 0.04 0.04 -0.025375 0 0.706825225 0 0.707388225
  V= 0 0 0.375 0 0 0
T= 0.48
  X= 0.04 0.04 -0.025 0 0.706825225 0 0.707388225
  V= 0 0 0.375 0 0 0
T= 0.481
  X= 0.04 0.04 -0.024625 0 0.706825225 0 0.707388225
  V= 0 0 0.375 0 0 0
T= 0.482
  X= 0.04 0.04 -0.02425 0 0.706825225 0 0.707388225
  V= 0 0 0.375 0 0 0
T= 0.483
  X= 0.04 0.04 -0.023875 0 0.706825225 0 0.707388225
  V= 0 0 0.375 0 0 0
T= 0.484
  X= 0.04 0.04 -0.0235 0 0.706825225 0 0.707388225
  V= 0 0 0.375 0 0 0
T= 0.485
  X= 0.04 0.04 -0.023125 0 0.706825225 0 0.707388225
  V= 0 0 0.375 0 0 0
T= 0.486
  X= 0.04 0.04 -0.02275 0 0.706825225 0 0.707388225
  V= 0 0 0.375 0 0 0
T= 0.487
  X= 0.04 0.04 -0.022375 0 0.706825225 0 0.707388225
  V= 0 0 0.375 0 0 0
T= 0.488
  X= 0.04 0.04 -0.022 0 0.706825225 0 0.707388225
  V= 0 0 0.375 0 0 0
T= 0.489
  X= 0.04 0.04 -0.021625 0 0.706825225 0 0.707388225
  V= 0 0 0.375 0 0 0
T= 0.49
  X= 0.04 0.04 -0.02125 0 0.706825225 0 0.707388225
  V= 0 0 0.375 0 0 0
T= 0.491
  X= 0.04 0.04 -0.020875 0 0.706825225 0 0.707388225
  V= 0 0 0.375 0 0 0
T= 0.492
  X= 0.04 0.04 -0.0205 0 0.706825225 0 0.707388225
  V= 0 0 0.375 0 0 0
T= 0.493
  X= 0.04 0.04 -0.020125 0 0.706825225 0 0.707388225
  V= 0 0 0.375 0 0 0
T= 0.494
  X= 0.04 0.04 -0.01975 0 0.706825225 0 0.707388225
  V= 0 0 0.375 0 0 0
T= 0.495
  X= 0.04 0.04 -0.019375 0 0.706825225 0 0.707388225
  V= 0 0 0.375 0 0 0
T= 0.496
  X= 0.04 0.04 -0.019 0 0.706825225 0 0.707388225
  V= 0 0 0.375 0 0 0
T= 0.497
  X= 0.04 0.04 -0.018625 0 0.706825225 0 0.707388225
  V= 0 0 0.375 0 0 0
T= 0.498
  X= 0.04 0.04 -0.01825 0 0.706825225 0 0.707388225
  V= 0 0 0.375 0 0 0
T= 0.499
  X= 0.04 0.04 -0.017875 0 0.706825225 0 0.707388225
  V= 0 0 0.375 0 0 0
T= 0.5
  X= 0.04 0.04 -0.0175 0 0.706825225 0 0.707388225
  V= 0 0 0.375 0 0 0
T= 0.501
  X= 0.04 0.04 -0.017125 0 0.706825225 0 0.707388225
  V= 0 0 0.375 0 0 0
T= 0.502
  X= 0.04 0.04 -0.01675 0 0.706825225 0 0.707388225
  V= 0 0 0.375 0 0 0
T= 0.503
  X= 0.04 0.04 -0.016375 0 0.706825225 0 0.707388225
  V= 0 0 0.375 0 0 0
T= 0.504
  X= 0.04 0.04 -0.016 0 0.706825225 0 0.707388225
  V= 0 0 0.375 0 0 0
T= 0.505
  X= 0.04 0.04 -0.015625 0 0.706825225 0 0.707388225
  V= 0 0 0.375 0 0 0
T= 0.506
  X= 0.04 0.04 -0.01525 0 0.706825225 0 0.707388225
  V= 0 0 0.375 0 0 0
T= 0.507
  X= 0.04 0.04 -0.014875 0 0.706825225 0 0.707388225
  V= 0 0 0.375 0 0 0
T= 0.508
  X= 0.04 0.04 -0.0145 0 0.706825225 0 0.707388225
  V= 0 0 0.375 0 0 0
T= 0.509
  X= 0.04 0.04 -0.014125 0 0.706825225 0 0.707388225
  V= 0 0 0.375 0 0 0
T= 0.51
  X= 0.04 0.04 -0.01375 0 0.706825225 0 0.707388225
  V= 0 0 0.375 0 0 0
T= 0.511
  X= 0.04 0.04 -0.013375 0 0.706825225 0 0.707388225
  V= 0 0 0.375 0 0 0
T= 0.512
  X= 0.04 0.04 -0.013 0 0.706825225 0 0.707388225
  V= 0 0 0.375 0 0 0
T= 0.513
  X= 0.04 0.04 -0.012625 0 0.706825225 0 0.707388225
  V= 0 0 0.375 0 0 0
T= 0.514
  X= 0.04 0.04 -0.01225 0 0.706825225 0 0.707388225
  V= 0 0 0.375 0 0 0
T= 0.515
  X= 0.04 0.04 -0.011875 0 0.706825225 0 0.707388225
  V= 0 0 0.375 0 0 0
T= 0.516
  X= 0.04 0.04 -0.0115 0 0.706825225 0 0.707388225
  V= 0 0 0.375 0 0 0
T= 0.517
  X= 0.04 0.04 -0.011125 0 0.706825225 0 0.707388225
  V= 0 0 0.375 0 0 0
T= 0.518
  X= 0.04 0.04 -0.01075 0 0.706825225 0 0.707388225
  V= 0 0 0.375 0 0 0
T= 0.519
  X= 0.04 0.04 -0.010375 0 0.706825225 0 0.707388225
  V= 0 0 0.375 0 0 0
T= 0.52
  X= 0.04 0.04 -0.01 0 0.706825225 0 0.707388225
  V= 0 0 0.375 0 0 0
T= 0.521
  X= 0.04 0.04 -0.009625 0 0.706825225 0 0.707388225
  V= 0 0 0.375 0 0 0
T= 0.522
  X= 0.04 0.04 -0.00925 0 0.706825225 0 0.707388225
  V= 0 0 0.375 0 0 0
T= 0.523
  X= 0.04 0.04 -0.008875 0 0.706825225 0 0.707388225
  V= 0 0 0.375 0 0 0
T= 0.524
  X= 0.04 0.04 -0.0085 0 0.706825225 0 0.707388225
  V= 0 0 0.375 0 0 0
T= 0.525
  X= 0.04 0.04 -0.008125 0 0.706825225 0 0.707388225
  V= 0 0 0.375 0 0 0
T= 0.526
  X= 0.04 0.04 -0.00775 0 0.706825225 0 0.707388225
  V= 0 0 0.375 0 0 0
T= 0.527
  X= 0.04 0.04 -0.007375 0 0.706825225 0 0.707388225
  V= 0 0 0.375 0 0 0
T= 0.528
  X= 0.04 0.04 -0.007 0 0.706825225 0 0.707388225
  V= 0 0 0.375 0 0 0
T= 0.529
  X= 0.04 0.04 -0.006625 0 0.706825225 0 0.707388225
  V= 0 0 0.375 0 0 0
T= 0.53
  X= 0.04 0.04 -0.00625 0 0.706825225 0 0.707388225
  V= 0 0 0.375 0 0 0
T= 0.531
  X= 0.04 0.04 -0.005875 0 0.706825225 0 0.707388225
  V= 0 0 0.375 0 0 0
T= 0.532
  X= 0.04 0.04 -0.0055 0 0.706825225 0 0.707388225
  V= 0 0 0.375 0 0 0
T= 0.533
  X= 0.04 0.04 -0.005125 0 0.706825225 0 0.707388225
  V= 0 0 0.375 0 0 0
T= 0.534
  X= 0.04 0.04 -0.00475 0 0.706825225 0 0.707388225
  V= 0 0 0.375 0 0 0
T= 0.535
  X= 0.04 0.04 -0.004375 0 0.706825225 0 0.707388225
  V= 0 0 0.375 0 0 0
T= 0.536
  X= 0.04 0.04 -0.004 0 0.706825225 0 0.707388225
  V= 0 0 0.375 0 0 0
T= 0.537
  X= 0.04 0.04 -0.003625 0 0.706825225 0 0.707388225
  V= 0 0 0.375 0 0 0
T= 0.538
  X= 0.04 0.04 -0.00325 0 0.706825225 0 0.707388225
  V= 0 0 0.375 0 0 0
T= 0.539
  X= 0.04 0.04 -0.002875 0 0.706825225 0 0.707388225
  V= 0 0 0.375 0 0 0
T= 0.54
  X= 0.04 0.04 -0.0025 0 0.706825225 0 0.707388225
  V= 0 0 0.375 0 0 0
T= 0.541
  X= 0.04 0.04 -0.002125 0 0.706825225 0 0.707388225
  V= 0 0 0.375 0 0 0
T= 0.542
  X= 0.04 0.04 -0.00175 0 0.706825225 0 0.707388225
  V= 0 0 0.375 0 0 0
T= 0.543
  X= 0.04 0.04 -0.001375 0 0.706825225 0 0.707388225
  V= 0 0 0.375 0 0 0
T= 0.544
  X= 0.04 0.04 -0.001 0 0.706825225 0 0.707388225
  V= 0 0 0.375 0 0 0
T= 0.545
  X= 0.04 0.04 -0.000625 0 0.706825225 0 0.707388225
  V= 0 0 0.375 0 0 0
T= 0.546
  X= 0.04 0.04 -0.00025 0 0.706825225 0 0.707388225
  V= 0 0 0.375 0 0 0
T= 0.547
  X= 0.04 0.04 0.000125 0 0.706825225 0 0.707388225
  V= 0 0 0.375 0 0 0
T= 0.548
  X= 0.04 0.04 0.0005 0 0.706825225 0 0.707388225
  V= 0 0 0.375 0 0 0
T= 0.549
  X= 0.04 0.04 0.000875 0 0.706825225 0 0.707388225
  V= 0 0 0.375 0 0 0
T= 0.55
  X= 0.04 0.04 0.00125 0 0.706825225 0 0.707388225
  V= 0 0 0.375 0 0 0
T= 0.551
  X= 0.04 0.04 0.001625 0 0.706825225 0 0.707388225
  V= 0.04 0 0.3375 0 0 0
T= 0.552
  X= 0.04 0.04 0.002 0 0.706825225 0 0.707388225
  V= 0.08 0 0.3 0 0 0
T= 0.553
  X= 0.04 0.04 0.002375 0 0.706825225 0 0.707388225
  V= 0.12 0 0.2625 0 0 0
T= 0.554
  X= 0.04 0.04 0.00275 0 0.706825225 0 0.707388225
  V= 0.16 0 0.225 0 0 0
T= 0.555
  X= 0.04 0.04 0.003125 0 0.706825225 0 0.707388225
  V= 0.2 0 0.1875 0 0 0
T= 0.556
  X= 0.04 0.04 0.0035 0 0.706825225 0 0.707388225
  V= 0.24 0 0.15 0 0 0
T= 0.557
  X= 0.04 0.04 0.003875 0 0.706825225 0 0.707388225
  V= 0.28 0 0.1125 0 0 0
T= 0.558
  X= 0.04 0.04 0.00425 0 0.706825225 0 0.707388225
  V= 0.32 0 0.075 0 0 0
T= 0.559
  X= 0.04 0.04 0.004625 0 0.706825225 0 0.707388225
  V= 0.36 0 0.0375 0 0 0
T= 0.56
  X= 0.04 0.04 0.005 0 0.706825225 0 0.707388225
  V= 0.4 0 0 0 0 0
T= 0.561
  X= 0.0404 0.04 0.005 0 0.706825225 0 0.707388225
  V= 0.4 0 0 0 0 0
T= 0.562
  X= 0.0408 0.04 0.005 0 0.706825225 0 0.707388225
  V= 0.4 0 0 0 0 0
T= 0.563
  X= 0.0412 0.04 0.005 0 0.706825225 0 0.707388225
  V= 0.4 0 0 0 0 0
T= 0.564
  X= 0.0416 0.04 0.005 0 0.706825225 0 0.707388225
  V= 0.4 0 0 0 0 0
T= 0.565
  X= 0.042 0.04 0.005 0 0.706825225 0 0.707388225
  V= 0.4 0 0 0 0 0
T= 0.566
  X= 0.0424 0.04 0.005 0 0.706825225 0 0.707388225
  V= 0.4 0 0 0 0 0
T= 0.567
  X= 0.0428 0.04 0.005 0 0.706825225 0 0.707388225
  V= 0.4 0 0 0 0 0
T= 0.568
  X= 0.0432 0.04 0.005 0 0.706825225 0 0.707388225
  V= 0.4 0 0 0 0 0
T= 0.569
  X= 0.0436 0.04 0.005 0 0.706825225 0 0.707388225
  V= 0.4 0 0 0 0 0
T= 0.57
  X= 0.044 0.04 0.005 0 0.706825225 0 0.707388225
  V= 0.4 0 0 0 0 0
T= 0.571
  X= 0.0444 0.04 0.005 0 0.706825225 0 0.707388225
  V= 0.4 0 0 0 0 0
T= 0.572
  X= 0.0448 0.04 0.005 0 0.706825225 0 0.707388225
  V= 0.4 0 0 0 0 0
T= 0.573
  X= 0.0452 0.04 0.005 0 0.706825225 0 0.707388225
  V= 0.4 0 0 0 0 0
T= 0.574
  X= 0.0456 0.04 0.005 0 0.706825225 0 0.707388225
  V= 0.4 0 0 0 0 0
T= 0.575
  X= 0.046 0.04 0.005 0 0.706825225 0 0.707388225
  V= 0.4 0 0 0 0 0
T= 0.576
  X= 0.0464 0.04 0.005 0 0.706825225 0 0.707388225
  V= 0.4 0 0 0 0 0
T= 0.577
  X= 0.0468 0.04 0.005 0 0.706825225 0 0.707388225
  V= 0.4 0 0 0 0 0
T= 0.578
  X= 0.0472 0.04 0.005 0 0.706825225 0 0.707388225
  V= 0.4 0 0 0 0 0
T= 0.579
  X= 0.0476 0.04 0.005 0 0.706825225 0 0.707388225
  V= 0.4 0 0 0 0 0
T= 0.58
  X= 0.048 0.04 0.005 0 0.706825225 0 0.707388225
  V= 0.4 0 0 0 0 0
T= 0.581
  X= 0.0484 0.04 0.005 0 0.706825225 0 0.707388225
  V= 0.4 0 0 0 0 0
T= 0.582
  X= 0.0488 0.04 0.005 0 0.706825225 0 0.707388225
  V= 0.4 0 0 0 0 0
T= 0.583
  X= 0.0492 0.04 0.005 0 0.706825225 0 0.707388225
  V= 0.4 0 0 0 0 0
T= 0.584
  X= 0.0496 0.04 0.005 0 0.706825225 0 0.707388225
  V= 0.4 0 0 0 0 0
T= 0.585
  X= 0.05 0.04 0.005 0 0.706825225 0 0.707388225
  V= 0.4 0 0 0 0 0
T= 0.586
  X= 0.0504 0.04 0.005 0 0.706825225 0 0.707388225
  V= 0.4 0 0 0 0 0
T= 0.587
  X= 0.0508 0.04 0.005 0 0.706825225 0 0.707388225
  V= 0.4 0 0 0 0 0
T= 0.588
  X= 0.0512 0.04 0.005 0 0.706825225 0 0.707388225
  V= 0.4 0 0 0 0 0
T= 0.589
  X= 0.0516 0.04 0.005 0 0.706825225 0 0.707388225
  V= 0.4 0 0 0 0 0
T= 0.59
  X= 0.052 0.04 0.005 0 0.706825225 0 0.707388225
  V= 0.4 0 0 0 0 0
T= 0.591
  X= 0.0524 0.04 0.005 0 0.706825225 0 0.707388225
  V= 0.4 0 0 0 0 0
T= 0.592
  X= 0.0528 0.04 0.005 0 0.706825225 0 0.707388225
  V= 0.4 0 0 0 0 0
T= 0.593
  X= 0.0532 0.04 0.005 0 0.706825225 0 0.707388225
  V= 0.4 0 0 0 0 0
T= 0.594
  X= 0.0536 0.04 0.005 0 0.706825225 0 0.707388225
  V= 0.4 0 0 0 0 0
T= 0.595
  X= 0.054 0.04 0.005 0 0.706825225 0 0.707388225
  V= 0.4 0 0 0 0 0
T= 0.596
  X= 0.0544 0.04 0.005 0 0.706825225 0 0.707388225
  V= 0.4 0 0 0 0 0
T= 0.597
  X= 0.0548 0.04 0.005 0 0.706825225 0 0.707388225
  V= 0.4 0 0 0 0 0
T= 0.598
  X= 0.0552 0.04 0.005 0 0.706825225 0 0.707388225
  V= 0.4 0 0 0 0 0
T= 0.599
  X= 0.0556 0.04 0.005 0 0.706825225 0 0.707388225
  V= 0.4 0 0 0 0 0
T= 0.6
  X= 0.056 0.04 0.005 0 0.706825225 0 0.707388225
  V= 0.4 0 0 0 0 0
T= 0.601
  X= 0.0564 0.04 0.005 0 0.706825225 0 0.707388225
  V= 0.36 0 0 0 0.785 0
T= 0.602
  X= 0.0568 0.04 0.005 0 0.706825225 0 0.707388225
  V= 0.32 0 0 0 1.57 0
T= 0.603
  X= 0.0572 0.04 0.005 0 0.706825225 0 0.707388225
  V= 0.28 0 0 0 2.355 0
T= 0.604
  X= 0.0576 0.04 0.005 0 0.706825225 0 0.707388225
  V= 0.24 0 0 0 3.14 0
T= 0.605
  X= 0.058 0.04 0.005 0 0.706825225 0 0.707388225
  V= 0.2 0 0 0 3.925 0
T= 0.606
  X= 0.0584 0.04 0.005 0 0.706825225 0 0.707388225
  V= 0.16 0 0 0 4.71 0
T= 0.607
  X= 0.0588 0.04 0.005 0 0.706825225 0 0.707388225
  V= 0.12 0 0 0 5.495 0
T= 0.608
  X= 0.0592 0.04 0.005 0 0.706825225 0 0.707388225
  V= 0.08 0 0 0 6.28 0
T= 0.609
  X= 0.0596 0.04 0.005 0 0.706825225 0 0.707388225
  V= 0.04 0 0 0 7.065 0
T= 0.61
  X= 0.06 0.04 0.005 0 0.706825225 0 0.707388225
  V= 0 0 0 0 7.85 0
T= 0.611
  X= 0.06 0.04 0.005 0 0.70959627 0 0.704608497
  V= 0 0 0 0 7.85 0
T= 0.612
  X= 0.06 0.04 0.005 0 0.712356382 0 0.701817914
  V= 0 0 0 0 7.85 0
T= 0.613
  X= 0.06 0.04 0.005 0 0.71510552 0 0.69901652
  V= 0 0 0 0 7.85 0
T= 0.614
  X= 0.06 0.04 0.005 0 0.717843641 0 0.696204357
  V= 0 0 0 0 7.85 0
T= 0.615
  X= 0.06 0.04 0.005 0 0.720570703 0 0.693381469
  V= 0 0 0 0 7.85 0
T= 0.616
  X= 0.06 0.04 0.005 0 0.723286664 0 0.6905479
  V= 0 0 0 0 7.85 0
T= 0.617
  X= 0.06 0.04 0.005 0 0.725991481 0 0.687703693
  V= 0 0 0 0 7.85 0
T= 0.618
  X= 0.06 0.04 0.005 0 0.728685114 0 0.684848892
  V= 0 0 0 0 7.85 0
T= 0.619
  X= 0.06 0.04 0.005 0 0.73136752 0 0.681983541
  V= 0 0 0 0 7.85 0
T= 0.62
  X= 0.06 0.04 0.005 0 0.734038659 0 0.679107684
  V= 0 0 0 0 7.85 0
T= 0.621
  X= 0.06 0.04 0.005 0 0.736698475 0 0.676221381
  V= 0 0 0 0 7.85 0
T= 0.622
  X= 0.06 0.04 0.005 0 0.739346943 0 0.67332466
  V= 0 0 0 0 7.85 0
T= 0.623
  X= 0.06 0.04 0.005 0 0.741984021 0 0.670417566
  V= 0 0 0 0 7.85 0
T= 0.624
  X= 0.06 0.04 0.005 0 0.744609669 0 0.667500143
  V= 0 0 0 0 7.85 0
T= 0.625
  X= 0.06 0.04 0.005 0 0.747223847 0 0.664572436
  V= 0 0 0 0 7.85 0
T= 0.626
  X= 0.06 0.04 0.005 0 0.749826514 0 0.661634491
  V= 0 0 0 0 7.85 0
T= 0.627
  X= 0.06 0.04 0.005 0 0.75241763 0 0.658686352
  V= 0 0 0 0 7.85 0
T= 0.628
  X= 0.06 0.04 0.005 0 0.754997154 0 0.655728066
  V= 0 0 0 0 7.85 0
T= 0.629
  X= 0.06 0.04 0.005 0 0.757565049 0 0.652759678
  V= 0 0 0 0 7.85 0
T= 0.63
  X= 0.06 0.04 0.005 0 0.760121273 0 0.649781233
  V= 0 0 0 0 7.85 0
T= 0.631
  X= 0.06 0.04 0.005 0 0.762665829 0 0.646792728
  V= 0 0 0 0 7.85 0
T= 0.632
  X= 0.06 0.04 0.005 0 0.765198635 0 0.64379426
  V= 0 0 0 0 7.85 0
T= 0.633
  X= 0.06 0.04 0.005 0 0.767719653 0 0.640785873
  V= 0 0 0 0 7.85 0
T= 0.634
  X= 0.06 0.04 0.005 0 0.770228843 0 0.637767614
  V= 0 0 0 0 7.85 0
T= 0.635
  X= 0.06 0.04 0.005 0 0.772726167 0 0.63473953
  V= 0 0 0 0 7.85 0
T= 0.636
  X= 0.06 0.04 0.005 0 0.775211587 0 0.631701667
  V= 0 0 0 0 7.85 0
T= 0.637
  X= 0.06 0.04 0.005 0 0.777685063 0 0.628654072
  V= 0 0 0 0 7.85 0
T= 0.638
  X= 0.06 0.04 0.005 0 0.78014656 0 0.625596791
  V= 0 0 0 0 7.85 0
T= 0.639
  X= 0.06 0.04 0.005 0 0.782596037 0 0.622529872
  V= 0 0 0 0 7.85 0
T= 0.64
  X= 0.06 0.04 0.005 0 0.785033459 0 0.619453362
  V= 0 0 0 0 7.85 0
T= 0.641
  X= 0.06 0.04 0.005 0 0.787458738 0 0.616367371
  V= 0 0 0 0 7.85 0
T= 0.642
  X= 0.06 0.04 0.005 0 0.789871885 0 0.613271885
  V= 0 0 0 0 7.85 0
T= 0.643
  X= 0.06 0.04 0.005 0 0.792272864 0 0.610166952
  V= 0 0 0 0 7.85 0
T= 0.644
  X= 0.06 0.04 0.005 0 0.794661637 0 0.60705262
  V= 0 0 0 0 7.85 0
T= 0.645
  X= 0.06 0.04 0.005 0 0.797038167 0 0.603928936
  V= 0 0 0 0 7.85 0
T= 0.646
  X= 0.06 0.04 0.005 0 0.799402419 0 0.600795949
  V= 0 0 0 0 7.85 0
T= 0.647
  X= 0.06 0.04 0.005 0 0.801754355 0 0.597653707
  V= 0 0 0 0 7.85 0
T= 0.648
  X= 0.06 0.04 0.005 0 0.80409394 0 0.594502259
  V= 0 0 0 0 7.85 0
T= 0.649
  X= 0.06 0.04 0.005 0 0.806421137 0 0.591341652
  V= 0 0 0 0 7.85 0
T= 0.65
  X= 0.06 0.04 0.005 0 0.808735911 0 0.588171936
  V= 0 0 0 0 7.85 0
T= 0.651
  X= 0.06 0.04 0.005 0 0.811038265 0 0.584993105
  V= -0.014567 0 -0.023095 0 7.065 0
T= 0.652
  X= 0.06 0.04 0.005 0 0.813328124 0 0.581805262
  V= -0.029134 0 -0.04619 0 6.28 0
T= 0.653
  X= 0.06 0.04 0.005 0 0.815605453 0 0.578608456
  V= -0.043701 0 -0.069285 0 5.495 0
T= 0.654
  X= 0.06 0.04 0.005 0 0.817870217 0 0.575402736
  V= -0.058268 0 -0.09238 0 4.71 0
T= 0.655
  X= 0.06 0.04 0.005 0 0.820122381 0 0.572188151
  V= -0.072835 0 -0.115475 0 3.925 0
T= 0.656
  X= 0.06 0.04 0.005 0 0.82236191 0 0.568964751
  V= -0.087402 0 -0.13857 0 3.14 0
T= 0.657
  X= 0.06 0.04 0.005 0 0.824588771 0 0.565732586
  V= -0.101969 0 -0.161665 0 2.355 0
T= 0.658
  X= 0.06 0.04 0.005 0 0.826802928 0 0.562491705
  V= -0.116536 0 -0.18476 0 1.57 0
T= 0.659
  X= 0.06 0.04 0.005 0 0.829004347 0 0.559242159
  V= -0.131103 0 -0.207855 0 0.785 0
T= 0.66
  X= 0.06 0.04 0.005 0 0.831192995 0 0.555983997
  V= -0.14567 0 -0.23095 0 0 0
T= 0.661
  X= 0.05985433 0.04 0.00476905 0 0.831192995 0 0.555983997
  V= -0.14567 0 -0.23095 0 0 0
T= 0.662
  X= 0.05970866 0.04 0.0045381 0 0.831192995 0 0.555983997
  V= -0.14567 0 -0.23095 0 0 0
T= 0.663
  X= 0.05956299 0.04 0.00430715 0 0.831192995 0 0.555983997
  V= -0.14567 0 -0.23095 0 0 0
T= 0.664
  X= 0.05941732 0.04 0.0040762 0 0.831192995 0 0.555983997
  V= -0.14567 0 -0.23095 0 0 0
T= 0.665
  X= 0.05927165 0.04 0.00384525 0 0.831192995 0 0.555983997
  V= -0.14567 0 -0.23095 0 0 0
T= 0.666
  X= 0.05912598 0.04 0.0036143 0 0.831192995 0 0.555983997
  V= -0.14567 0 -0.23095 0 0 0
T= 0.667
  X= 0.05898031 0.04 0.00338335 0 0.831192995 0 0.555983997
  V= -0.14567 0 -0.23095 0 0 0
T= 0.668
  X= 0.05883464 0.04 0.0031524 0 0.831192995 0 0.555983997
  V= -0.14567 0 -0.23095 0 0 0
T= 0.669
  X= 0.05868897 0.04 0.00292145 0 0.831192995 0 0.555983997
  V= -0.14567 0 -0.23095 0 0 0
T= 0.67
  X= 0.0585433 0.04 0.0026905 0 0.831192995 0 0.555983997
  V= -0.14567 0 -0.23095 0 0 0
T= 0.671
  X= 0.05839763 0.04 0.00245955 0 0.831192995 0 0.555983997
  V= -0.14567 0 -0.23095 0 0 0
T= 0.672
  X= 0.05825196 0.04 0.0022286 0 0.831192995 0 0.555983997
  V= -0.14567 0 -0.23095 0 0 0
T= 0.673
  X= 0.05810629 0.04 0.00199765 0 0.831192995 0 0.555983997
  V= -0.14567 0 -0.23095 0 0 0
T= 0.674
  X= 0.05796062 0.04 0.0017667 0 0.831192995 0 0.555983997
  V= -0.14567 0 -0.23095 0 0 0
T= 0.675
  X= 0.05781495 0.04 0.00153575 0 0.831192995 0 0.555983997
  V= -0.14567 0 -0.23095 0 0 0
T= 0.676
  X= 0.05766928 0.04 0.0013048 0 0.831192995 0 0.555983997
  V= -0.14567 0 -0.23095 0 0 0
T= 0.677
  X= 0.05752361 0.04 0.00107385 0 0.831192995 0 0.555983997
  V= -0.14567 0 -0.23095 0 0 0
T= 0.678
  X= 0.05737794 0.04 0.0008429 0 0.831192995 0 0.555983997
  V= -0.14567 0 -0.23095 0 0 0
T= 0.679
  X= 0.05723227 0.04 0.00061195 0 0.831192995 0 0.555983997
  V= -0.14567 0 -0.23095 0 0 0
T= 0.68
  X= 0.0570866 0.04 0.000381 0 0.831192995 0 0.555983997
  V= -0.14567 0 -0.23095 0 0 0
T= 0.681
  X= 0.05694093 0.04 0.00015005 0 0.831192995 0 0.555983997
  V= -0.14567 0 -0.23095 0 0 0
T= 0.682
  X= 0.05679526 0.04 -8.09e-05 0 0.831192995 0 0.555983997
  V= -0.14567 0 -0.23095 0 0 0
T= 0.683
  X= 0.05664959 0.04 -0.00031185 0 0.831192995 0 0.555983997
  V= -0.14567 0 -0.23095 0 0 0
T= 0.684
  X= 0.05650392 0.04 -0.0005428 0 0.831192995 0 0.555983997
  V= -0.14567 0 -0.23095 0 0 0
T= 0.685
  X= 0.05635825 0.04 -0.00077375 0 0.831192995 0 0.555983997
  V= -0.14567 0 -0.23095 0 0 0
T= 0.686
  X= 0.05621258 0.04 -0.0010047 0 0.831192995 0 0.555983997
  V= -0.14567 0 -0.23095 0 0 0
T= 0.687
  X= 0.05606691 0.04 -0.00123565 0 0.831192995 0 0.555983997
  V= -0.14567 0 -0.23095 0 0 0
T= 0.688
  X= 0.05592124 0.04 -0.0014666 0 0.831192995 0 0.555983997
  V= -0.14567 0 -0.23095 0 0 0
T= 0.689
  X= 0.05577557 0.04 -0.00169755 0 0.831192995 0 0.555983997
  V= -0.14567 0 -0.23095 0 0 0
T= 0.69
  X= 0.0556299 0.04 -0.0019285 0 0.831192995 0 0.555983997
  V= -0.14567 0 -0.23095 0 0 0
T= 0.691
  X= 0.05548423 0.04 -0.00215945 0 0.831192995 0 0.555983997
  V= -0.14567 0 -0.23095 0 0 0
T= 0.692
  X= 0.05533856 0.04 -0.0023904 0 0.831192995 0 0.555983997
  V= -0.14567 0 -0.23095 0 0 0
T= 0.693
  X= 0.05519289 0.04 -0.00262135 0 0.831192995 0 0.555983997
  V= -0.14567 0 -0.23095 0 0 0
T= 0.694
  X= 0.05504722 0.04 -0.0028523 0 0.831192995 0 0.555983997
  V= -0.14567 0 -0.23095 0 0 0
T= 0.695
  X= 0.05490155 0.04 -0.00308325 0 0.831192995 0 0.555983997
  V= -0.14567 0 -0.23095 0 0 0
T= 0.696
  X= 0.05475588 0.04 -0.0033142 0 0.831192995 0 0.555983997
  V= -0.14567 0 -0.23095 0 0 0
T= 0.697
  X= 0.05461021 0.04 -0.00354515 0 0.831192995 0 0.555983997
  V= -0.14567 0 -0.23095 0 0 0
T= 0.698
  X= 0.05446454 0.04 -0.0037761 0 0.831192995 0 0.555983997
  V= -0.14567 0 -0.23095 0 0 0
T= 0.699
  X= 0.05431887 0.04 -0.00400705 0 0.831192995 0 0.555983997
  V= -0.14567 0 -0.23095 0 0 0
T= 0.7
  X= 0.0541732 0.04 -0.004238 0 0.831192995 0 0.555983997
  V= -0.14567 0 -0.23095 0 0 0
T= 0.701
  X= 0.05402753 0.04 -0.00446895 0 0.831192995 0 0.555983997
  V= -0.14567 0 -0.23095 0 0 0
T= 0.702
  X= 0.05388186 0.04 -0.0046999 0 0.831192995 0 0.555983997
  V= -0.14567 0 -0.23095 0 0 0
T= 0.703
  X= 0.05373619 0.04 -0.00493085 0 0.831192995 0 0.555983997
  V= -0.14567 0 -0.23095 0 0 0
T= 0.704
  X= 0.05359052 0.04 -0.0051618 0 0.831192995 0 0.555983997
  V= -0.14567 0 -0.23095 0 0 0
T= 0.705
  X= 0.05344485 0.04 -0.00539275 0 0.831192995 0 0.555983997
  V= -0.14567 0 -0.23095 0 0 0
T= 0.706
  X= 0.05329918 0.04 -0.0056237 0 0.831192995 0 0.555983997
  V= -0.14567 0 -0.23095 0 0 0
T= 0.707
  X= 0.05315351 0.04 -0.00585465 0 0.831192995 0 0.555983997
  V= -0.14567 0 -0.23095 0 0 0
T= 0.708
  X= 0.05300784 0.04 -0.0060856 0 0.831192995 0 0.555983997
  V= -0.14567 0 -0.23095 0 0 0
T= 0.709
  X= 0.05286217 0.04 -0.00631655 0 0.831192995 0 0.555983997
  V= -0.14567 0 -0.23095 0 0 0
T= 0.71
  X= 0.0527165 0.04 -0.0065475 0 0.831192995 0 0.555983997
  V= -0.14567 0 -0.23095 0 0 0
T= 0.711
  X= 0.05257083 0.04 -0.00677845 0 0.831192995 0 0.555983997
  V= -0.14567 0 -0.23095 0 0 0
T= 0.712
  X= 0.05242516 0.04 -0.0070094 0 0.831192995 0 0.555983997
  V= -0.14567 0 -0.23095 0 0 0
T= 0.713
  X= 0.05227949 0.04 -0.00724035 0 0.831192995 0 0.555983997
  V= -0.14567 0 -0.23095 0 0 0
T= 0.714
  X= 0.05213382 0.04 -0.0074713 0 0.831192995 0 0.555983997
  V= -0.14567 0 -0.23095 0 0 0
T= 0.715
  X= 0.05198815 0.04 -0.00770225 0 0.831192995 0 0.555983997
  V= -0.14567 0 -0.23095 0 0 0
T= 0.716
  X= 0.05184248 0.04 -0.0079332 0 0.831192995 0 0.555983997
  V= -0.14567 0 -0.23095 0 0 0
T= 0.717
  X= 0.05169681 0.04 -0.00816415 0 0.831192995 0 0.555983997
  V= -0.14567 0 -0.23095 0 0 0
T= 0.718
  X= 0.05155114 0.04 -0.0083951 0 0.831192995 0 0.555983997
  V= -0.14567 0 -0.23095 0 0 0
T= 0.719
  X= 0.05140547 0.04 -0.00862605 0 0.831192995 0 0.555983997
  V= -0.14567 0 -0.23095 0 0 0
T= 0.72
  X= 0.0512598 0.04 -0.008857 0 0.831192995 0 0.555983997
  V= -0.14567 0 -0.23095 0 0 0
T= 0.721
  X= 0.05111413 0.04 -0.00908795 0 0.831192995 0 0.555983997
  V= -0.14567 0 -0.23095 0 0 0
T= 0.722
  X= 0.05096846 0.04 -0.0093189 0 0.831192995 0 0.555983997
  V= -0.14567 0 -0.23095 0 0 0
T= 0.723
  X= 0.05082279 0.04 -0.00954985 0 0.831192995 0 0.555983997
  V= -0.14567 0 -0.23095 0 0 0
T= 0.724
  X= 0.05067712 0.04 -0.0097808 0 0.831192995 0 0.555983997
  V= -0.14567 0 -0.23095 0 0 0
T= 0.725
  X= 0.05053145 0.04 -0.01001175 0 0.831192995 0 0.555983997
  V= -0.14567 0 -0.23095 0 0 0
T= 0.726
  X= 0.05038578 0.04 -0.0102427 0 0.831192995 0 0.555983997
  V= -0.14567 0 -0.23095 0 0 0
T= 0.727
  X= 0.05024011 0.04 -0.01047365 0 0.831192995 0 0.555983997
  V= -0.14567 0 -0.23095 0 0 0
T= 0.728
  X= 0.05009444 0.04 -0.0107046 0 0.831192995 0 0.555983997
  V= -0.14567 0 -0.23095 0 0 0
T= 0.729
  X= 0.04994877 0.04 -0.01093555 0 0.831192995 0 0.555983997
  V= -0.14567 0 -0.23095 0 0 0
T= 0.73
  X= 0.0498031 0.04 -0.0111665 0 0.831192995 0 0.555983997
  V= -0.14567 0 -0.23095 0 0 0
T= 0.731
  X= 0.04965743 0.04 -0.01139745 0 0.831192995 0 0.555983997
  V= -0.14567 0 -0.23095 0 0 0
T= 0.732
  X= 0.04951176 0.04 -0.0116284 0 0.831192995 0 0.555983997
  V= -0.14567 0 -0.23095 0 0 0
T= 0.733
  X= 0.04936609 0.04 -0.01185935 0 0.831192995 0 0.555983997
  V= -0.14567 0 -0.23095 0 0 0
T= 0.734
  X= 0.04922042 0.04 -0.0120903 0 0.831192995 0 0.555983997
  V= -0.14567 0 -0.23095 0 0 0
T= 0.735
  X= 0.04907475 0.04 -0.01232125 0 0.831192995 0 0.555983997
  V= -0.14567 0 -0.23095 0 0 0
T= 0.736
  X= 0.04892908 0.04 -0.0125522 0 0.831192995 0 0.555983997
  V= -0.14567 0 -0.23095 0 0 0
T= 0.737
  X= 0.04878341 0.04 -0.01278315 0 0.831192995 0 0.555983997
  V= -0.14567 0 -0.23095 0 0 0
T= 0.738
  X= 0.04863774 0.04 -0.0130141 0 0.831192995 0 0.555983997
  V= -0.14567 0 -0.23095 0 0 0
T= 0.739
  X= 0.04849207 0.04 -0.01324505 0 0.831192995 0 0.555983997
  V= -0.14567 0 -0.23095 0 0 0
T= 0.74
  X= 0.0483464 0.04 -0.013476 0 0.831192995 0 0.555983997
  V= -0.14567 0 -0.23095 0 0 0
T= 0.741
  X= 0.04820073 0.04 -0.01370695 0 0.831192995 0 0.555983997
  V= -0.14567 0 -0.23095 0 0 0
T= 0.742
  X= 0.04805506 0.04 -0.0139379 0 0.831192995 0 0.555983997
  V= -0.14567 0 -0.23095 0 0 0
T= 0.743
  X= 0.04790939 0.04 -0.01416885 0 0.831192995 0 0.555983997
  V= -0.14567 0 -0.23095 0 0 0
T= 0.744
  X= 0.04776372 0.04 -0.0143998 0 0.831192995 0 0.555983997
  V= -0.14567 0 -0.23095 0 0 0
T= 0.745
  X= 0.04761805 0.04 -0.01463075 0 0.831192995 0 0.555983997
  V= -0.14567 0 -0.23095 0 0 0
T= 0.746
  X= 0.04747238 0.04 -0.0148617 0 0.831192995 0 0.555983997
  V= -0.14567 0 -0.23095 0 0 0
T= 0.747
  X= 0.04732671 0.04 -0.01509265 0 0.831192995 0 0.555983997
  V= -0.14567 0 -0.23095 0 0 0
T= 0.748
  X= 0.04718104 0.04 -0.0153236 0 0.831192995 0 0.555983997
  V= -0.14567 0 -0.23095 0 0 0
T= 0.749
  X= 0.04703537 0.04 -0.01555455 0 0.831192995 0 0.555983997
  V= -0.14567 0 -0.23095 0 0 0
T= 0.75
  X= 0.0468897 0.04 -0.0157855 0 0.831192995 0 0.555983997
  V= -0.14567 0 -0.23095 0 0 0
T= 0.751
  X= 0.04674403 0.04 -0.01601645 0 0.831192995 0 0.555983997
  V= -0.14567 0 -0.23095 0 0 0
T= 0.752
  X= 0.04659836 0.04 -0.0162474 0 0.831192995 0 0.555983997
  V= -0.14567 0 -0.23095 0 0 0
T= 0.753
  X= 0.04645269 0.04 -0.01647835 0 0.831192995 0 0.555983997
  V= -0.14567 0 -0.23095 0 0 0
T= 0.754
  X= 0.04630702 0.04 -0.0167093 0 0.831192995 0 0.555983997
  V= -0.14567 0 -0.23095 0 0 0
T= 0.755
  X= 0.04616135 0.04 -0.01694025 0 0.831192995 0 0.555983997
  V= -0.14567 0 -0.23095 0 0 0
T= 0.756
  X= 0.04601568 0.04 -0.0171712 0 0.831192995 0 0.555983997
  V= -0.14567 0 -0.23095 0 0 0
T= 0.757
  X= 0.04587001 0.04 -0.01740215 0 0.831192995 0 0.555983997
  V= -0.14567 0 -0.23095 0 0 0
T= 0.758
  X= 0.04572434 0.04 -0.0176331 0 0.831192995 0 0.555983997
  V= -0.14567 0 -0.23095 0 0 0
T= 0.759
  X= 0.04557867 0.04 -0.01786405 0 0.831192995 0 0.555983997
  V= -0.14567 0 -0.23095 0 0 0
T= 0.76
  X= 0.045433 0.04 -0.018095 0 0.831192995 0 0.555983997
  V= -0.14567 0 -0.23095 0 0 0
T= 0.761
  X= 0.04528733 0.04 -0.01832595 0 0.831192995 0 0.555983997
  V= -0.14567 0 -0.23095 0 0 0
T= 0.762
  X= 0.04514166 0.04 -0.0185569 0 0.831192995 0 0.555983997
  V= -0.14567 0 -0.23095 0 0 0
T= 0.763
  X= 0.04499599 0.04 -0.01878785 0 0.831192995 0 0.555983997
  V= -0.14567 0 -0.23095 0 0 0
T= 0.764
  X= 0.04485032 0.04 -0.0190188 0 0.831192995 0 0.555983997
  V= -0.14567 0 -0.23095 0 0 0
T= 0.765
  X= 0.04470465 0.04 -0.01924975 0 0.831192995 0 0.555983997
  V= -0.14567 0 -0.23095 0 0 0
T= 0.766
  X= 0.04455898 0.04 -0.0194807 0 0.831192995 0 0.555983997
  V= -0.14567 0 -0.23095 0 0 0
T= 0.767
  X= 0.04441331 0.04 -0.01971165 0 0.831192995 0 0.555983997
  V= -0.14567 0 -0.23095 0 0 0
T= 0.768
  X= 0.04426764 0.04 -0.0199426 0 0.831192995 0 0.555983997
  V= -0.14567 0 -0.23095 0 0 0
T= 0.769
  X= 0.04412197 0.04 -0.02017355 0 0.831192995 0 0.555983997
  V= -0.14567 0 -0.23095 0 0 0
T= 0.77
  X= 0.0439763 0.04 -0.0204045 0 0.831192995 0 0.555983997
  V= -0.14567 0 -0.23095 0 0 0
T= 0.771
  X= 0.04383063 0.04 -0.02063545 0 0.831192995 0 0.555983997
  V= -0.14567 0 -0.23095 0 0 0
T= 0.772
  X= 0.04368496 0.04 -0.0208664 0 0.831192995 0 0.555983997
  V= -0.14567 0 -0.23095 0 0 0
T= 0.773
  X= 0.04353929 0.04 -0.02109735 0 0.831192995 0 0.555983997
  V= -0.14567 0 -0.23095 0 0 0
T= 0.774
  X= 0.04339362 0.04 -0.0213283 0 0.831192995 0 0.555983997
  V= -0.14567 0 -0.23095 0 0 0
T= 0.775
  X= 0.04324795 0.04 -0.02155925 0 0.831192995 0 0.555983997
  V= -0.14567 0 -0.23095 0 0 0
T= 0.776
  X= 0.04310228 0.04 -0.0217902 0 0.831192995 0 0.555983997
  V= -0.14567 0 -0.23095 0 0 0
T= 0.777
  X= 0.04295661 0.04 -0.02202115 0 0.831192995 0 0.555983997
  V= -0.14567 0 -0.23095 0 0 0
T= 0.778
  X= 0.04281094 0.04 -0.0222521 0 0.831192995 0 0.555983997
  V= -0.14567 0 -0.23095 0 0 0
T= 0.779
  X= 0.04266527 0.04 -0.02248305 0 0.831192995 0 0.555983997
  V= -0.14567 0 -0.23095 0 0 0
T= 0.78
  X= 0.0425196 0.04 -0.022714 0 0.831192995 0 0.555983997
  V= -0.14567 0 -0.23095 0 0 0
T= 0.781
  X= 0.04237393 0.04 -0.02294495 0 0.831192995 0 0.555983997
  V= -0.14567 0 -0.23095 0 0 0
T= 0.782
  X= 0.04222826 0.04 -0.0231759 0 0.831192995 0 0.555983997
  V= -0.14567 0 -0.23095 0 0 0
T= 0.783
  X= 0.04208259 0.04 -0.02340685 0 0.831192995 0 0.555983997
  V= -0.14567 0 -0.23095 0 0 0
T= 0.784
  X= 0.04193692 0.04 -0.0236378 0 0.831192995 0 0.555983997
  V= -0.14567 0 -0.23095 0 0 0
T= 0.785
  X= 0.04179125 0.04 -0.02386875 0 0.831192995 0 0.555983997
  V= -0.14567 0 -0.23095 0 0 0
T= 0.786
  X= 0.04164558 0.04 -0.0240997 0 0.831192995 0 0.555983997
  V= -0.14567 0 -0.23095 0 0 0
T= 0.787
  X= 0.04149991 0.04 -0.02433065 0 0.831192995 0 0.555983997
  V= -0.14567 0 -0.23095 0 0 0
T= 0.788
  X= 0.04135424 0.04 -0.0245616 0 0.831192995 0 0.555983997
  V= -0.14567 0 -0.23095 0 0 0
T= 0.789
  X= 0.04120857 0.04 -0.02479255 0 0.831192995 0 0.555983997
  V= -0.14567 0 -0.23095 0 0 0
T= 0.79
  X= 0.0410629 0.04 -0.0250235 0 0.831192995 0 0.555983997
  V= -0.14567 0 -0.23095 0 0 0
T= 0.791
  X= 0.04091723 0.04 -0.02525445 0 0.831192995 0 0.555983997
  V= -0.14567 0 -0.23095 0 0 0
T= 0.792
  X= 0.04077156 0.04 -0.0254854 0 0.831192995 0 0.555983997
  V= -0.14567 0 -0.23095 0 0 0
T= 0.793
  X= 0.04062589 0.04 -0.02571635 0 0.831192995 0 0.555983997
  V= -0.14567 0 -0.23095 0 0 0
T= 0.794
  X= 0.04048022 0.04 -0.0259473 0 0.831192995 0 0.555983997
  V= -0.14567 0 -0.23095 0 0 0
T= 0.795
  X= 0.04033455 0.04 -0.02617825 0 0.831192995 0 0.555983997
  V= -0.14567 0 -0.23095 0 0 0
T= 0.796
  X= 0.04018888 0.04 -0.0264092 0 0.831192995 0 0.555983997
  V= -0.14567 0 -0.23095 0 0 0
T= 0.797
  X= 0.04004321 0.04 -0.02664015 0 0.831192995 0 0.555983997
  V= -0.14567 0 -0.23095 0 0 0
T= 0.798
  X= 0.03989754 0.04 -0.0268711 0 0.831192995 0 0.555983997
  V= -0.14567 0 -0.23095 0 0 0
T= 0.799
  X= 0.03975187 0.04 -0.02710205 0 0.831192995 0 0.555983997
  V= -0.14567 0 -0.23095 0 0 0
T= 0.8
  X= 0.0396062 0.04 -0.027333 0 0.831192995 0 0.555983997
  V= -0.14567 0 -0.23095 0 0 0
T= 0.801
  X= 0.03946053 0.04 -0.02756395 0 0.831192995 0 0.555983997
  V= -0.14567 0 -0.23095 0 0 0
T= 0.802
  X= 0.03931486 0.04 -0.0277949 0 0.831192995 0 0.555983997
  V= -0.14567 0 -0.23095 0 0 0
T= 0.803
  X= 0.03916919 0.04 -0.02802585 0 0.831192995 0 0.555983997
  V= -0.14567 0 -0.23095 0 0 0
T= 0.804
  X= 0.03902352 0.04 -0.0282568 0 0.831192995 0 0.555983997
  V= -0.14567 0 -0.23095 0 0 0
T= 0.805
  X= 0.03887785 0.04 -0.02848775 0 0.831192995 0 0.555983997
  V= -0.14567 0 -0.23095 0 0 0
T= 0.806
  X= 0.03873218 0.04 -0.0287187 0 0.831192995 0 0.555983997
  V= -0.14567 0 -0.23095 0 0 0
T= 0.807
  X= 0.03858651 0.04 -0.02894965 0 0.831192995 0 0.555983997
  V= -0.14567 0 -0.23095 0 0 0
T= 0.808
  X= 0.03844084 0.04 -0.0291806 0 0.831192995 0 0.555983997
  V= -0.14567 0 -0.23095 0 0 0
T= 0.809
  X= 0.03829517 0.04 -0.02941155 0 0.831192995 0 0.555983997
  V= -0.14567 0 -0.23095 0 0 0
T= 0.81
  X= 0.0381495 0.04 -0.0296425 0 0.831192995 0 0.555983997
  V= -0.14567 0 -0.23095 0 0 0
T= 0.811
  X= 0.03800383 0.04 -0.02987345 0 0.831192995 0 0.555983997
  V= -0.14567 0 -0.23095 0 0 0
T= 0.812
  X= 0.03785816 0.04 -0.0301044 0 0.831192995 0 0.555983997
  V= -0.14567 0 -0.23095 0 0 0
T= 0.813
  X= 0.03771249 0.04 -0.03033535 0 0.831192995 0 0.555983997
  V= -0.14567 0 -0.23095 0 0 0
T= 0.814
  X= 0.03756682 0.04 -0.0305663 0 0.831192995 0 0.555983997
  V= -0.14567 0 -0.23095 0 0 0
T= 0.815
  X= 0.03742115 0.04 -0.03079725 0 0.831192995 0 0.555983997
  V= -0.14567 0 -0.23095 0 0 0
T= 0.816
  X= 0.03727548 0.04 -0.0310282 0 0.831192995 0 0.555983997
  V= -0.14567 0 -0.23095 0 0 0
T= 0.817
  X= 0.03712981 0.04 -0.03125915 0 0.831192995 0 0.555983997
  V= -0.14567 0 -0.23095 0 0 0
T= 0.818
  X= 0.03698414 0.04 -0.0314901 0 0.831192995 0 0.555983997
  V= -0.14567 0 -0.23095 0 0 0
T= 0.819
  X= 0.03683847 0.04 -0.03172105 0 0.831192995 0 0.555983997
  V= -0.14567 0 -0.23095 0 0 0
T= 0.82
  X= 0.0366928 0.04 -0.031952 0 0.831192995 0 0.555983997
  V= -0.14567 0 -0.23095 0 0 0
T= 0.821
  X= 0.03654713 0.04 -0.03218295 0 0.831192995 0 0.555983997
  V= -0.14567 0 -0.23095 0 0 0
T= 0.822
  X= 0.03640146 0.04 -0.0324139 0 0.831192995 0 0.555983997
  V= -0.14567 0 -0.23095 0 0 0
T= 0.823
  X= 0.03625579 0.04 -0.03264485 0 0.831192995 0 0.555983997
  V= -0.14567 0 -0.23095 0 0 0
T= 0.824
  X= 0.03611012 0.04 -0.0328758 0 0.831192995 0 0.555983997
  V= -0.14567 0 -0.23095 0 0 0
T= 0.825
  X= 0.03596445 0.04 -0.03310675 0 0.831192995 0 0.555983997
  V= -0.14567 0 -0.23095 0 0 0
T= 0.826
  X= 0.03581878 0.04 -0.0333377 0 0.831192995 0 0.555983997
  V= -0.14567 0 -0.23095 0 0 0
T= 0.827
  X= 0.03567311 0.04 -0.03356865 0 0.831192995 0 0.555983997
  V= -0.14567 0 -0.23095 0 0 0
T= 0.828
  X= 0.03552744 0.04 -0.0337996 0 0.831192995 0 0.555983997
  V= -0.14567 0 -0.23095 0 0 0
T= 0.829
  X= 0.03538177 0.04 -0.03403055 0 0.831192995 0 0.555983997
  V= -0.14567 0 -0.23095 0 0 0
T= 0.83
  X= 0.0352361 0.04 -0.0342615 0 0.831192995 0 0.555983997
  V= -0.14567 0 -0.23095 0 0 0
T= 0.831
  X= 0.03509043 0.04 -0.03449245 0 0.831192995 0 0.555983997
  V= -0.14567 0 -0.23095 0 0 0
T= 0.832
  X= 0.03494476 0.04 -0.0347234 0 0.831192995 0 0.555983997
  V= -0.14567 0 -0.23095 0 0 0
T= 0.833
  X= 0.03479909 0.04 -0.03495435 0 0.831192995 0 0.555983997
  V= -0.14567 0 -0.23095 0 0 0
T= 0.834
  X= 0.03465342 0.04 -0.0351853 0 0.831192995 0 0.555983997
  V= -0.14567 0 -0.23095 0 0 0
T= 0.835
  X= 0.03450775 0.04 -0.03541625 0 0.831192995 0 0.555983997
  V= -0.14567 0 -0.23095 0 0 0
T= 0.836
  X= 0.03436208 0.04 -0.0356472 0 0.831192995 0 0.555983997
  V= -0.14567 0 -0.23095 0 0 0
T= 0.837
  X= 0.03421641 0.04 -0.03587815 0 0.831192995 0 0.555983997
  V= -0.14567 0 -0.23095 0 0 0
T= 0.838
  X= 0.03407074 0.04 -0.0361091 0 0.831192995 0 0.555983997
  V= -0.14567 0 -0.23095 0 0 0
T= 0.839
  X= 0.03392507 0.04 -0.03634005 0 0.831192995 0 0.555983997
  V= -0.14567 0 -0.23095 0 0 0
T= 0.84
  X= 0.0337794 0.04 -0.036571 0 0.831192995 0 0.555983997
  V= -0.14567 0 -0.23095 0 0 0
T= 0.841
  X= 0.03363373 0.04 -0.03680195 0 0.831192995 0 0.555983997
  V= -0.14567 0 -0.23095 0 0 0
T= 0.842
  X= 0.03348806 0.04 -0.0370329 0 0.831192995 0 0.555983997
  V= -0.14567 0 -0.23095 0 0 0
T= 0.843
  X= 0.03334239 0.04 -0.03726385 0 0.831192995 0 0.555983997
  V= -0.14567 0 -0.23095 0 0 0
T= 0.844
  X= 0.03319672 0.04 -0.0374948 0 0.831192995 0 0.555983997
  V= -0.14567 0 -0.23095 0 0 0
T= 0.845
  X= 0.03305105 0.04 -0.03772575 0 0.831192995 0 0.555983997
  V= -0.14567 0 -0.23095 0 0 0
T= 0.846
  X= 0.03290538 0.04 -0.0379567 0 0.831192995 0 0.555983997
  V= -0.14567 0 -0.23095 0 0 0
T= 0.847
  X= 0.03275971 0.04 -0.03818765 0 0.831192995 0 0.555983997
  V= -0.14567 0 -0.23095 0 0 0
T= 0.848
  X= 0.03261404 0.04 -0.0384186 0 0.831192995 0 0.555983997
  V= -0.14567 0 -0.23095 0 0 0
T= 0.849
  X= 0.03246837 0.04 -0.03864955 0 0.831192995 0 0.555983997
  V= -0.14567 0 -0.23095 0 0 0
T= 0.85
  X= 0.0323227 0.04 -0.0388805 0 0.831192995 0 0.555983997
  V= -0.14567 0 -0.23095 0 0 0
T= 0.851
  X= 0.03217703 0.04 -0.03911145 0 0.831192995 0 0.555983997
  V= -0.131103 0 -0.207855 0 -0.3925 0
T= 0.852
  X= 0.03203136 0.04 -0.0393424 0 0.831192995 0 0.555983997
  V= -0.116536 0 -0.18476 0 -0.785 0
T= 0.853
  X= 0.03188569 0.04 -0.03957335 0 0.831192995 0 0.555983997
  V= -0.101969 0 -0.161665 0 -1.1775 0
T= 0.854
  X= 0.03174002 0.04 -0.0398043 0 0.831192995 0 0.555983997
  V= -0.087402 0 -0.13857 0 -1.57 0
T= 0.855
  X= 0.03159435 0.04 -0.04003525 0 0.831192995 0 0.555983997
  V= -0.072835 0 -0.115475 0 -1.9625 0
T= 0.856
  X= 0.03144868 0.04 -0.0402662 0 0.831192995 0 0.555983997
  V= -0.058268 0 -0.09238 0 -2.355 0
T= 0.857
  X= 0.03130301 0.04 -0.04049715 0 0.831192995 0 0.555983997
  V= -0.043701 0 -0.069285 0 -2.7475 0
T= 0.858
  X= 0.03115734 0.04 -0.0407281 0 0.831192995 0 0.555983997
  V= -0.029134 0 -0.04619 0 -3.14 0
T= 0.859
  X= 0.03101167 0.04 -0.04095905 0 0.831192995 0 0.555983997
  V= -0.014567 0 -0.023095 0 -3.5325 0
T= 0.86
  X= 0.030866 0.04 -0.04119 0 0.831192995 0 0.555983997
  V= 0 0 0 0 -3.925 0
T= 0.861
  X= 0.030866 0.04 -0.04119 0 0.830100316 0 0.557614084
  V= 0 0 0 0 -3.925 0
T= 0.862
  X= 0.030866 0.04 -0.04119 0 0.829004405 0 0.559242073
  V= 0 0 0 0 -3.925 0
T= 0.863
  X= 0.030866 0.04 -0.04119 0 0.827905276 0 0.560867946
  V= 0 0 0 0 -3.925 0
T= 0.864
  X= 0.030866 0.04 -0.04119 0 0.826802942 0 0.562491685
  V= 0 0 0 0 -3.925 0
T= 0.865
  X= 0.030866 0.04 -0.04119 0 0.825697414 0 0.564113269
  V= 0 0 0 0 -3.925 0
T= 0.866
  X= 0.030866 0.04 -0.04119 0 0.824588706 0 0.565732681
  V= 0 0 0 0 -3.925 0
T= 0.867
  X= 0.030866 0.04 -0.04119 0 0.82347683 0 0.567349901
  V= 0 0 0 0 -3.925 0
T= 0.868
  X= 0.030866 0.04 -0.04119 0 0.8223618 0 0.568964912
  V= 0 0 0 0 -3.925 0
T= 0.869
  X= 0.030866 0.04 -0.04119 0 0.821243628 0 0.570577693
  V= 0 0 0 0 -3.925 0
T= 0.87
  X= 0.030866 0.04 -0.04119 0 0.820122327 0 0.572188228
  V= 0 0 0 0 -3.925 0
T= 0.871
  X= 0.030866 0.04 -0.04119 0 0.818997879 0 0.573796544
  V= 0 0 0 0 -3.925 0
T= 0.872
  X= 0.030866 0.04 -0.04119 0 0.817870242 0 0.5754027
  V= 0 0 0 0 -3.925 0
T= 0.873
  X= 0.030866 0.04 -0.04119 0 0.81673943 0 0.577006676
  V= 0 0 0 0 -3.925 0
T= 0.874
  X= 0.030866 0.04 -0.04119 0 0.815605454 0 0.578608454
  V= 0 0 0 0 -3.925 0
T= 0.875
  X= 0.030866 0.04 -0.04119 0 0.814468328 0 0.580208016
  V= 0 0 0 0 -3.925 0
T= 0.876
  X= 0.030866 0.04 -0.04119 0 0.813328066 0 0.581805344
  V= 0 0 0 0 -3.925 0
T= 0.877
  X= 0.030866 0.04 -0.04119 0 0.812184679 0 0.583400417
  V= 0 0 0 0 -3.925 0
T= 0.878
  X= 0.030866 0.04 -0.04119 0 0.811038182 0 0.584993219
  V= 0 0 0 0 -3.925 0
T= 0.879
  X= 0.030866 0.04 -0.04119 0 0.809888589 0 0.586583732
  V= 0 0 0 0 -3.925 0
T= 0.88
  X= 0.030866 0.04 -0.04119 0 0.808735911 0 0.588171936
  V= 0 0 0 0 -3.925 0
T= 0.881
  X= 0.030866 0.04 -0.04119 0 0.807580124 0 0.589757868
  V= 0 0 0 0 -3.925 0
T= 0.882
  X= 0.030866 0.04 -0.04119 0 0.806421191 0 0.591341579
  V= 0 0 0 0 -3.925 0
T= 0.883
  X= 0.030866 0.04 -0.04119 0 0.805259125 0 0.592923049
  V= 0 0 0 0 -3.925 0
T= 0.884
  X= 0.030866 0.04 -0.04119 0 0.80409394 0 0.594502259
  V= 0 0 0 0 -3.925 0
T= 0.885
  X= 0.030866 0.04 -0.04119 0 0.802925648 0 0.596079192
  V= 0 0 0 0 -3.925 0
T= 0.886
  X= 0.030866 0.04 -0.04119 0 0.801754264 0 0.597653829
  V= 0 0 0 0 -3.925 0
T= 0.887
  X= 0.030866 0.04 -0.04119 0 0.800579801 0 0.599226152
  V= 0 0 0 0 -3.925 0
T= 0.888
  X= 0.030866 0.04 -0.04119 0 0.799402273 0 0.600796143
  V= 0 0 0 0 -3.925 0
T= 0.889
  X= 0.030866 0.04 -0.04119 0 0.798221693 0 0.602363784
  V= 0 0 0 0 -3.925 0
T= 0.89
  X= 0.030866 0.04 -0.04119 0 0.797038076 0 0.603929057
  V= 0 0 0 0 -3.925 0
T= 0.891
  X= 0.030866 0.04 -0.04119 0 0.795851407 0 0.60549198
  V= 0 0 0 0 -3.925 0
T= 0.892
  X= 0.030866 0.04 -0.04119 0 0.794661636 0 0.60705262
  V= 0 0 0 0 -3.925 0
T= 0.893
  X= 0.030866 0.04 -0.04119 0 0.793468778 0 0.608610958
  V= 0 0 0 0 -3.925 0
T= 0.894
  X= 0.030866 0.04 -0.04119 0 0.792272845 0 0.610166976
  V= 0 0 0 0 -3.925 0
T= 0.895
  X= 0.030866 0.04 -0.04119 0 0.791073852 0 0.611720656
  V= 0 0 0 0 -3.925 0
T= 0.896
  X= 0.030866 0.04 -0.04119 0 0.789871811 0 0.613271981
  V= 0 0 0 0 -3.925 0
T= 0.897
  X= 0.030866 0.04 -0.04119 0 0.788666737 0 0.614820931
  V= 0 0 0 0 -3.925 0
T= 0.898
  X= 0.030866 0.04 -0.04119 0 0.787458645 0 0.61636749
  V= 0 0 0 0 -3.925 0
T= 0.899
  X= 0.030866 0.04 -0.04119 0 0.786247547 0 0.61791164
  V= 0 0 0 0 -3.925 0
T= 0.9
  X= 0.030866 0.04 -0.04119 0 0.785033459 0 0.619453362
  V= 0 0 0 0 -3.925 0
T= 0.901
  X= 0.030866 0.04 -0.04119 0 0.783816333 0 0.620992718
  V= 0 0 0 0 -3.925 0
T= 0.902
  X= 0.030866 0.04 -0.04119 0 0.782596151 0 0.62252973
  V= 0 0 0 0 -3.925 0
T= 0.903
  X= 0.030866 0.04 -0.04119 0 0.781372927 0 0.624064379
  V= 0 0 0 0 -3.925 0
T= 0.904
  X= 0.030866 0.04 -0.04119 0 0.780146674 0 0.625596649
  V= 0 0 0 0 -3.925 0
T= 0.905
  X= 0.030866 0.04 -0.04119 0 0.778917407 0 0.62712652
  V= 0 0 0 0 -3.925 0
T= 0.906
  X= 0.030866 0.04 -0.04119 0 0.777685141 0 0.628653976
  V= 0 0 0 0 -3.925 0
T= 0.907
  X= 0.030866 0.04 -0.04119 0 0.776449888 0 0.630179
  V= 0 0 0 0 -3.925 0
T= 0.908
  X= 0.030866 0.04 -0.04119 0 0.775211664 0 0.631701572
  V= 0 0 0 0 -3.925 0
T= 0.909
  X= 0.030866 0.04 -0.04119 0 0.773970483 0 0.633221676
  V= 0 0 0 0 -3.925 0
T= 0.91
  X= 0.030866 0.04 -0.04119 0 0.77272636 0 0.634739295
  V= 0 0 0 0 -3.925 0
T= 0.911
  X= 0.030866 0.04 -0.04119 0 0.771479222 0 0.636254517
  V= 0 0 0 0 -3.925 0
T= 0.912
  X= 0.030866 0.04 -0.04119 0 0.770229075 0 0.637767334
  V= 0 0 0 0 -3.925 0
T= 0.913
  X= 0.030866 0.04 -0.04119 0 0.768975932 0 0.63927773
  V= 0 0 0 0 -3.925 0
T= 0.914
  X= 0.030866 0.04 -0.04119 0 0.767719808 0 0.640785687
  V= 0 0 0 0 -3.925 0
T= 0.915
  X= 0.030866 0.04 -0.04119 0 0.766460717 0 0.642291188
  V= 0 0 0 0 -3.925 0
T= 0.916
  X= 0.030866 0.04 -0.04119 0 0.765198674 0 0.643794214
  V= 0 0 0 0 -3.925 0
T= 0.917
  X= 0.030866 0.04 -0.04119 0 0.763933693 0 0.645294749
  V= 0 0 0 0 -3.925 0
T= 0.918
  X= 0.030866 0.04 -0.04119 0 0.762665789 0 0.646792775
  V= 0 0 0 0 -3.925 0
T= 0.919
  X= 0.030866 0.04 -0.04119 0 0.761394978 0 0.648288275
  V= 0 0 0 0 -3.925 0
T= 0.92
  X= 0.030866 0.04 -0.04119 0 0.760121273 0 0.649781233
  V= 0 0 0 0 -3.925 0
T= 0.921
  X= 0.030866 0.04 -0.04119 0 0.758844709 0 0.651271608
  V= 0 0 0 0 -3.925 0
T= 0.922
  X= 0.030866 0.04 -0.04119 0 0.757565184 0 0.652759521
  V= 0 0 0 0 -3.925 0
T= 0.923
  X= 0.030866 0.04 -0.04119 0 0.756282711 0 0.654244954
  V= 0 0 0 0 -3.925 0
T= 0.924
  X= 0.030866 0.04 -0.04119 0 0.754997307 0 0.655727891
  V= 0 0 0 0 -3.925 0
T= 0.925
  X= 0.030866 0.04 -0.04119 0 0.753708984 0 0.657208313
  V= 0 0 0 0 -3.925 0
T= 0.926
  X= 0.030866 0.04 -0.04119 0 0.752417759 0 0.658686204
  V= 0 0 0 0 -3.925 0
T= 0.927
  X= 0.030866 0.04 -0.04119 0 0.751123646 0 0.660161547
  V= 0 0 0 0 -3.925 0
T= 0.928
  X= 0.030866 0.04 -0.04119 0 0.74982666 0 0.661634325
  V= 0 0 0 0 -3.925 0
T= 0.929
  X= 0.030866 0.04 -0.04119 0 0.748526817 0 0.66310452
  V= 0 0 0 0 -3.925 0
T= 0.93
  X= 0.030866 0.04 -0.04119 0 0.747224131 0 0.664572117
  V= 0 0 0 0 -3.925 0
T= 0.931
  X= 0.030866 0.04 -0.04119 0 0.745918511 0 0.666037218
  V= 0 0 0 0 -3.925 0
T= 0.932
  X= 0.030866 0.04 -0.04119 0 0.744609978 0 0.667499798
  V= 0 0 0 0 -3.925 0
T= 0.933
  X= 0.030866 0.04 -0.04119 0 0.743298547 0 0.668959842
  V= 0 0 0 0 -3.925 0
T= 0.934
  X= 0.030866 0.04 -0.04119 0 0.741984233 0 0.670417331
  V= 0 0 0 0 -3.925 0
T= 0.935
  X= 0.030866 0.04 -0.04119 0 0.740667051 0 0.671872249
  V= 0 0 0 0 -3.925 0
T= 0.936
  X= 0.030866 0.04 -0.04119 0 0.739347017 0 0.673324579
  V= 0 0 0 0 -3.925 0
T= 0.937
  X= 0.030866 0.04 -0.04119 0 0.738024145 0 0.674774304
  V= 0 0 0 0 -3.925 0
T= 0.938
  X= 0.030866 0.04 -0.04119 0 0.736698451 0 0.676221408
  V= 0 0 0 0 -3.925 0
T= 0.939
  X= 0.030866 0.04 -0.04119 0 0.73536995 0 0.677665873
  V= 0 0 0 0 -3.925 0
T= 0.94
  X= 0.030866 0.04 -0.04119 0 0.734038659 0 0.679107684
  V= 0 0 0 0 -3.925 0
T= 0.941
  X= 0.030866 0.04 -0.04119 0 0.732704599 0 0.680546817
  V= 0 0 0 0 -3.925 0
T= 0.942
  X= 0.030866 0.04 -0.04119 0 0.731367677 0 0.681983373
  V= 0 0 0 0 -3.925 0
T= 0.943
  X= 0.030866 0.04 -0.04119 0 0.730027907 0 0.683417336
  V= 0 0 0 0 -3.925 0
T= 0.944
  X= 0.030866 0.04 -0.04119 0 0.728685305 0 0.684848689
  V= 0 0 0 0 -3.925 0
T= 0.945
  X= 0.030866 0.04 -0.04119 0 0.727339885 0 0.686277416
  V= 0 0 0 0 -3.925 0
T= 0.946
  X= 0.030866 0.04 -0.04119 0 0.725991664 0 0.6877035
  V= 0 0 0 0 -3.925 0
T= 0.947
  X= 0.030866 0.04 -0.04119 0 0.724640658 0 0.689126924
  V= 0 0 0 0 -3.925 0
T= 0.948
  X= 0.030866 0.04 -0.04119 0 0.723286881 0 0.690547672
  V= 0 0 0 0 -3.925 0
T= 0.949
  X= 0.030866 0.04 -0.04119 0 0.72193035 0 0.691965729
  V= 0 0 0 0 -3.925 0
T= 0.95
  X= 0.030866 0.04 -0.04119 0 0.72057108 0 0.693381077
  V= 0 0 0 0 -3.925 0
T= 0.951
  X= 0.030866 0.04 -0.04119 0 0.71920896 0 0.694793834
  V= 0 0 0 0 -3.14 0
T= 0.952
  X= 0.030866 0.04 -0.04119 0 0.717844028 0 0.696203958
  V= 0 0 0 0 -2.355 0
T= 0.953
  X= 0.030866 0.04 -0.04119 0 0.7164763 0 0.697611433
  V= 0 0 0 0 -1.57 0
T= 0.954
  X= 0.030866 0.04 -0.04119 0 0.71510579 0 0.699016244
  V= 0 0 0 0 -0.785 0
T= 0.955
  X= 0.030866 0.04 -0.04119 0 0.713732516 0 0.700418372
  V= 0 0 0 0 8.70414851e-14 0
T= 0.956
  X= 0.030866 0.04 -0.04119 0 0.712356492 0 0.701817803
  V= 0 0 0 0 0.785 0
T= 0.957
  X= 0.030866 0.04 -0.04119 0 0.710977735 0 0.703214519
  V= 0 0 0 0 1.57 0
T= 0.958
  X= 0.030866 0.04 -0.04119 0 0.709596261 0 0.704608506
  V= 0 0 0 0 2.355 0
T= 0.959
  X= 0.030866 0.04 -0.04119 0 0.708212085 0 0.705999746
  V= 0 0 0 0 3.14 0
T= 0.96
  X= 0.030866 0.04 -0.04119 0 0.706825225 0 0.707388225
  V= 0 0 0 0 3.925 0
T= 0.961
  X= 0.030866 0.04 -0.04119 0 0.708212085 0 0.705999746
  V= 0 0 0 0 3.925 0
T= 0.962
  X= 0.030866 0.04 -0.04119 0 0.709596261 0 0.704608506
  V= 0 0 0 0 3.925 0
T= 0.963
  X= 0.030866 0.04 -0.04119 0 0.710977735 0 0.703214519
  V= 0 0 0 0 3.925 0
T= 0.964
  X= 0.030866 0.04 -0.04119 0 0.712356492 0 0.701817803
  V= 0 0 0 0 3.925 0
T= 0.965
  X= 0.030866 0.04 -0.04119 0 0.713732516 0 0.700418372
  V= 0 0 0 0 3.925 0
T= 0.966
  X= 0.030866 0.04 -0.04119 0 0.71510579 0 0.699016244
  V= 0 0 0 0 3.925 0
T= 0.967
  X= 0.030866 0.04 -0.04119 0 0.7164763 0 0.697611433
  V= 0 0 0 0 3.925 0
T= 0.968
  X= 0.030866 0.04 -0.04119 0 0.717844028 0 0.696203958
  V= 0 0 0 0 3.925 0
T= 0.969
  X= 0.030866 0.04 -0.04119 0 0.71920896 0 0.694793834
  V= 0 0 0 0 3.925 0
T= 0.97
  X= 0.030866 0.04 -0.04119 0 0.72057108 0 0.693381077
  V= 0 0 0 0 3.925 0
T= 0.971
  X= 0.030866 0.04 -0.04119 0 0.72193035 0 0.691965729
  V= 0 0 0 0 3.925 0
T= 0.972
  X= 0.030866 0.04 -0.04119 0 0.723286881 0 0.690547672
  V= 0 0 0 0 3.925 0
T= 0.973
  X= 0.030866 0.04 -0.04119 0 0.724640658 0 0.689126924
  V= 0 0 0 0 3.925 0
T= 0.974
  X= 0.030866 0.04 -0.04119 0 0.725991664 0 0.6877035
  V= 0 0 0 0 3.925 0
T= 0.975
  X= 0.030866 0.04 -0.04119 0 0.727339885 0 0.686277416
  V= 0 0 0 0 3.925 0
T= 0.976
  X= 0.030866 0.04 -0.04119 0 0.728685305 0 0.684848689
  V= 0 0 0 0 3.925 0
T= 0.977
  X= 0.030866 0.04 -0.04119 0 0.730027907 0 0.683417336
  V= 0 0 0 0 3.925 0
T= 0.978
  X= 0.030866 0.04 -0.04119 0 0.731367677 0 0.681983373
  V= 0 0 0 0 3.925 0
T= 0.979
  X= 0.030866 0.04 -0.04119 0 0.732704599 0 0.680546817
  V= 0 0 0 0 3.925 0
T= 0.98
  X= 0.030866 0.04 -0.04119 0 0.734038659 0 0.679107684
  V= 0 0 0 0 3.925 0
T= 0.981
  X= 0.030866 0.04 -0.04119 0 0.73536995 0 0.677665873
  V= 0 0 0 0 3.925 0
T= 0.982
  X= 0.030866 0.04 -0.04119 0 0.736698451 0 0.676221408
  V= 0 0 0 0 3.925 0
T= 0.983
  X= 0.030866 0.04 -0.04119 0 0.738024145 0 0.674774304
  V= 0 0 0 0 3.925 0
T= 0.984
  X= 0.030866 0.04 -0.04119 0 0.739347017 0 0.673324579
  V= 0 0 0 0 3.925 0
T= 0.985
  X= 0.030866 0.04 -0.04119 0 0.740667051 0 0.671872249
  V= 0 0 0 0 3.925 0
T= 0.986
  X= 0.030866 0.04 -0.04119 0 0.741984233 0 0.670417331
  V= 0 0 0 0 3.925 0
T= 0.987
  X= 0.030866 0.04 -0.04119 0 0.743298547 0 0.668959842
  V= 0 0 0 0 3.925 0
T= 0.988
  X= 0.030866 0.04 -0.04119 0 0.744609978 0 0.667499798
  V= 0 0 0 0 3.925 0
T= 0.989
  X= 0.030866 0.04 -0.04119 0 0.745918511 0 0.666037218
  V= 0 0 0 0 3.925 0
T= 0.99
  X= 0.030866 0.04 -0.04119 0 0.747224131 0 0.664572117
  V= 0 0 0 0 3.925 0
T= 0.991
  X= 0.030866 0.04 -0.04119 0 0.748526817 0 0.66310452
  V= 0 0 0 0 3.925 0
T= 0.992
  X= 0.030866 0.04 -0.04119 0 0.74982666 0 0.661634325
  V= 0 0 0 0 3.925 0
T= 0.993
  X= 0.030866 0.04 -0.04119 0 0.751123646 0 0.660161547
  V= 0 0 0 0 3.925 0
T= 0.994
  X= 0.030866 0.04 -0.04119 0 0.752417759 0 0.658686204
  V= 0 0 0 0 3.925 0
T= 0.995
  X= 0.030866 0.04 -0.04119 0 0.753708984 0 0.657208313
  V= 0 0 0 0 3.925 0
T= 0.996
  X= 0.030866 0.04 -0.04119 0 0.754997307 0 0.655727891
  V= 0 0 0 0 3.925 0
T= 0.997
  X= 0.030866 0.04 -0.04119 0 0.756282711 0 0.654244954
  V= 0 0 0 0 3.925 0
T= 0.998
  X= 0.030866 0.04 -0.04119 0 0.757565184 0 0.652759521
  V= 0 0 0 0 3.925 0
T= 0.999
  X= 0.030866 0.04 -0.04119 0 0.758844709 0 0.651271608
  V= 0 0 0 0 3.925 0
T= 1
  X= 0.030866 0.04 -0.04119 0 0.760121273 0 0.649781233
  V= 0 0 0 0 3.925 0
T= 1.001
  X= 0.030866 0.04 -0.04119 0 0.761394978 0 0.648288275
  V= 0 0 0 0 3.925 0
T= 1.002
  X= 0.030866 0.04 -0.04119 0 0.762665789 0 0.646792775
  V= 0 0 0 0 3.925 0
T= 1.003
  X= 0.030866 0.04 -0.04119 0 0.763933693 0 0.645294749
  V= 0 0 0 0 3.925 0
T= 1.004
  X= 0.030866 0.04 -0.04119 0 0.765198674 0 0.643794214
  V= 0 0 0 0 3.925 0
T= 1.005
  X= 0.030866 0.04 -0.04119 0 0.766460717 0 0.642291188
  V= 0 0 0 0 3.925 0
T= 1.006
  X= 0.030866 0.04 -0.04119 0 0.767719808 0 0.640785687
  V= 0 0 0 0 3.925 0
T= 1.007
  X= 0.030866 0.04 -0.04119 0 0.768975932 0 0.63927773
  V= 0 0 0 0 3.925 0
T= 1.008
  X= 0.030866 0.04 -0.04119 0 0.770229075 0 0.637767334
  V= 0 0 0 0 3.925 0
T= 1.009
  X= 0.030866 0.04 -0.04119 0 0.771479222 0 0.636254517
  V= 0 0 0 0 3.925 0
T= 1.01
  X= 0.030866 0.04 -0.04119 0 0.77272636 0 0.634739295
  V= 0 0 0 0 3.925 0
T= 1.011
  X= 0.030866 0.04 -0.04119 0 0.773970483 0 0.633221676
  V= 0 0 0 0 3.925 0
T= 1.012
  X= 0.030866 0.04 -0.04119 0 0.775211664 0 0.631701572
  V= 0 0 0 0 3.925 0
T= 1.013
  X= 0.030866 0.04 -0.04119 0 0.776449888 0 0.630179
  V= 0 0 0 0 3.925 0
T= 1.014
  X= 0.030866 0.04 -0.04119 0 0.777685141 0 0.628653976
  V= 0 0 0 0 3.925 0
T= 1.015
  X= 0.030866 0.04 -0.04119 0 0.778917407 0 0.62712652
  V= 0 0 0 0 3.925 0
T= 1.016
  X= 0.030866 0.04 -0.04119 0 0.780146674 0 0.625596649
  V= 0 0 0 0 3.925 0
T= 1.017
  X= 0.030866 0.04 -0.04119 0 0.781372927 0 0.624064379
  V= 0 0 0 0 3.925 0
T= 1.018
  X= 0.030866 0.04 -0.04119 0 0.782596151 0 0.62252973
  V= 0 0 0 0 3.925 0
T= 1.019
  X= 0.030866 0.04 -0.04119 0 0.783816333 0 0.620992718
  V= 0 0 0 0 3.925 0
T= 1.02
  X= 0.030866 0.04 -0.04119 0 0.785033459 0 0.619453362
  V= 0 0 0 0 3.925 0
T= 1.021
  X= 0.030866 0.04 -0.04119 0 0.786247547 0 0.61791164
  V= 0 0 0 0 3.925 0
T= 1.022
  X= 0.030866 0.04 -0.04119 0 0.787458645 0 0.61636749
  V= 0 0 0 0 3.925 0
T= 1.023
  X= 0.030866 0.04 -0.04119 0 0.788666737 0 0.614820931
  V= 0 0 0 0 3.925 0
T= 1.024
  X= 0.030866 0.04 -0.04119 0 0.789871811 0 0.613271981
  V= 0 0 0 0 3.925 0
T= 1.025
  X= 0.030866 0.04 -0.04119 0 0.791073852 0 0.611720656
  V= 0 0 0 0 3.925 0
T= 1.026
  X= 0.030866 0.04 -0.04119 0 0.792272845 0 0.610166976
  V= 0 0 0 0 3.925 0
T= 1.027
  X= 0.030866 0.04 -0.04119 0 0.793468778 0 0.608610958
  V= 0 0 0 0 3.925 0
T= 1.028
  X= 0.030866 0.04 -0.04119 0 0.794661636 0 0.60705262
  V= 0 0 0 0 3.925 0
T= 1.029
  X= 0.030866 0.04 -0.04119 0 0.795851407 0 0.60549198
  V= 0 0 0 0 3.925 0
T= 1.03
  X= 0.030866 0.04 -0.04119 0 0.797038076 0 0.603929057
  V= 0 0 0 0 3.925 0
T= 1.031
  X= 0.030866 0.04 -0.04119 0 0.798221693 0 0.602363784
  V= 0 0 0 0 3.925 0
T= 1.032
  X= 0.030866 0.04 -0.04119 0 0.799402273 0 0.600796143
  V= 0 0 0 0 3.925 0
T= 1.033
  X= 0.030866 0.04 -0.04119 0 0.800579801 0 0.599226152
  V= 0 0 0 0 3.925 0
T= 1.034
  X= 0.030866 0.04 -0.04119 0 0.801754264 0 0.597653829
  V= 0 0 0 0 3.925 0
T= 1.035
  X= 0.030866 0.04 -0.04119 0 0.802925648 0 0.596079192
  V= 0 0 0 0 3.925 0
T= 1.036
  X= 0.030866 0.04 -0.04119 0 0.80409394 0 0.594502259
  V= 0 0 0 0 3.925 0
T= 1.037
  X= 0.030866 0.04 -0.04119 0 0.805259125 0 0.592923049
  V= 0 0 0 0 3.925 0
T= 1.038
  X= 0.030866 0.04 -0.04119 0 0.806421191 0 0.591341579
  V= 0 0 0 0 3.925 0
T= 1.039
  X= 0.030866 0.04 -0.04119 0 0.807580124 0 0.589757868
  V= 0 0 0 0 3.925 0
T= 1.04
  X= 0.030866 0.04 -0.04119 0 0.808735911 0 0.588171936
  V= 0 0 0 0 3.925 0
T= 1.041
  X= 0.030866 0.04 -0.04119 0 0.809888589 0 0.586583732
  V= 0 0 0 0 3.925 0
T= 1.042
  X= 0.030866 0.04 -0.04119 0 0.811038182 0 0.584993219
  V= 0 0 0 0 3.925 0
T= 1.043
  X= 0.030866 0.04 -0.04119 0 0.812184679 0 0.583400417
  V= 0 0 0 0 3.925 0
T= 1.044
  X= 0.030866 0.04 -0.04119 0 0.813328066 0 0.581805344
  V= 0 0 0 0 3.925 0
T= 1.045
  X= 0.030866 0.04 -0.04119 0 0.814468328 0 0.580208016
  V= 0 0 0 0 3.925 0
T= 1.046
  X= 0.030866 0.04 -0.04119 0 0.815605454 0 0.578608454
  V= 0 0 0 0 3.925 0
T= 1.047
  X= 0.030866 0.04 -0.04119 0 0.81673943 0 0.577006676
  V= 0 0 0 0 3.925 0
T= 1.048
  X= 0.030866 0.04 -0.04119 0 0.817870242 0 0.5754027
  V= 0 0 0 0 3.925 0
T= 1.049
  X= 0.030866 0.04 -0.04119 0 0.818997879 0 0.573796544
  V= 0 0 0 0 3.925 0
T= 1.05
  X= 0.030866 0.04 -0.04119 0 0.820122327 0 0.572188228
  V= 0 0 0 0 3.925 0
T= 1.051
  X= 0.030866 0.04 -0.04119 0 0.821243628 0 0.570577693
  V= 0.029134 0 0.04619 0 3.5325 0
T= 1.052
  X= 0.030866 0.04 -0.04119 0 0.8223618 0 0.568964912
  V= 0.058268 0 0.09238 0 3.14 0
T= 1.053
  X= 0.030866 0.04 -0.04119 0 0.82347683 0 0.567349901
  V= 0.087402 0 0.13857 0 2.7475 0
T= 1.054
  X= 0.030866 0.04 -0.04119 0 0.824588706 0 0.565732681
  V= 0.116536 0 0.18476 0 2.355 0
T= 1.055
  X= 0.030866 0.04 -0.04119 0 0.825697414 0 0.564113269
  V= 0.14567 0 0.23095 0 1.9625 0
T= 1.056
  X= 0.030866 0.04 -0.04119 0 0.826802942 0 0.562491685
  V= 0.174804 0 0.27714 0 1.57 0
T= 1.057
  X= 0.030866 0.04 -0.04119 0 0.827905276 0 0.560867946
  V= 0.203938 0 0.32333 0 1.1775 0
T= 1.058
  X= 0.030866 0.04 -0.04119 0 0.829004405 0 0.559242073
  V= 0.233072 0 0.36952 0 0.785 0
T= 1.059
  X= 0.030866 0.04 -0.04119 0 0.830100316 0 0.557614084
  V= 0.262206 0 0.41571 0 0.3925 0
T= 1.06
  X= 0.030866 0.04 -0.04119 0 0.831192995 0 0.555983997
  V= 0.29134 0 0.4619 0 0 0
T= 1.061
  X= 0.03115734 0.04 -0.0407281 0 0.831192995 0 0.555983997
  V= 0.29134 0 0.4619 0 0 0
T= 1.062
  X= 0.03144868 0.04 -0.0402662 0 0.831192995 0 0.555983997
  V= 0.29134 0 0.4619 0 0 0
T= 1.063
  X= 0.03174002 0.04 -0.0398043 0 0.831192995 0 0.555983997
  V= 0.29134 0 0.4619 0 0 0
T= 1.064
  X= 0.03203136 0.04 -0.0393424 0 0.831192995 0 0.555983997
  V= 0.29134 0 0.4619 0 0 0
T= 1.065
  X= 0.0323227 0.04 -0.0388805 0 0.831192995 0 0.555983997
  V= 0.29134 0 0.4619 0 0 0
T= 1.066
  X= 0.03261404 0.04 -0.0384186 0 0.831192995 0 0.555983997
  V= 0.29134 0 0.4619 0 0 0
T= 1.067
  X= 0.03290538 0.04 -0.0379567 0 0.831192995 0 0.555983997
  V= 0.29134 0 0.4619 0 0 0
T= 1.068
  X= 0.03319672 0.04 -0.0374948 0 0.831192995 0 0.555983997
  V= 0.29134 0 0.4619 0 0 0
T= 1.069
  X= 0.03348806 0.04 -0.0370329 0 0.831192995 0 0.555983997
  V= 0.29134 0 0.4619 0 0 0
T= 1.07
  X= 0.0337794 0.04 -0.036571 0 0.831192995 0 0.555983997
  V= 0.29134 0 0.4619 0 0 0
T= 1.071
  X= 0.03407074 0.04 -0.0361091 0 0.831192995 0 0.555983997
  V= 0.29134 0 0.4619 0 0 0
T= 1.072
  X= 0.03436208 0.04 -0.0356472 0 0.831192995 0 0.555983997
  V= 0.29134 0 0.4619 0 0 0
T= 1.073
  X= 0.03465342 0.04 -0.0351853 0 0.831192995 0 0.555983997
  V= 0.29134 0 0.4619 0 0 0
T= 1.074
  X= 0.03494476 0.04 -0.0347234 0 0.831192995 0 0.555983997
  V= 0.29134 0 0.4619 0 0 0
T= 1.075
  X= 0.0352361 0.04 -0.0342615 0 0.831192995 0 0.555983997
  V= 0.29134 0 0.4619 0 0 0
T= 1.076
  X= 0.03552744 0.04 -0.0337996 0 0.831192995 0 0.555983997
  V= 0.29134 0 0.4619 0 0 0
T= 1.077
  X= 0.03581878 0.04 -0.0333377 0 0.831192995 0 0.555983997
  V= 0.29134 0 0.4619 0 0 0
T= 1.078
  X= 0.03611012 0.04 -0.0328758 0 0.831192995 0 0.555983997
  V= 0.29134 0 0.4619 0 0 0
T= 1.079
  X= 0.03640146 0.04 -0.0324139 0 0.831192995 0 0.555983997
  V= 0.29134 0 0.4619 0 0 0
T= 1.08
  X= 0.0366928 0.04 -0.031952 0 0.831192995 0 0.555983997
  V= 0.29134 0 0.4619 0 0 0
T= 1.081
  X= 0.03698414 0.04 -0.0314901 0 0.831192995 0 0.555983997
  V= 0.29134 0 0.4619 0 0 0
T= 1.082
  X= 0.03727548 0.04 -0.0310282 0 0.831192995 0 0.555983997
  V= 0.29134 0 0.4619 0 0 0
T= 1.083
  X= 0.03756682 0.04 -0.0305663 0 0.831192995 0 0.555983997
  V= 0.29134 0 0.4619 0 0 0
T= 1.084
  X= 0.03785816 0.04 -0.0301044 0 0.831192995 0 0.555983997
  V= 0.29134 0 0.4619 0 0 0
T= 1.085
  X= 0.0381495 0.04 -0.0296425 0 0.831192995 0 0.555983997
  V= 0.29134 0 0.4619 0 0 0
T= 1.086
  X= 0.03844084 0.04 -0.0291806 0 0.831192995 0 0.555983997
  V= 0.29134 0 0.4619 0 0 0
T= 1.087
  X= 0.03873218 0.04 -0.0287187 0 0.831192995 0 0.555983997
  V= 0.29134 0 0.4619 0 0 0
T= 1.088
  X= 0.03902352 0.04 -0.0282568 0 0.831192995 0 0.555983997
  V= 0.29134 0 0.4619 0 0 0
T= 1.089
  X= 0.03931486 0.04 -0.0277949 0 0.831192995 0 0.555983997
  V= 0.29134 0 0.4619 0 0 0
T= 1.09
  X= 0.0396062 0.04 -0.027333 0 0.831192995 0 0.555983997
  V= 0.29134 0 0.4619 0 0 0
T= 1.091
  X= 0.03989754 0.04 -0.0268711 0 0.831192995 0 0.555983997
  V= 0.29134 0 0.4619 0 0 0
T= 1.092
  X= 0.04018888 0.04 -0.0264092 0 0.831192995 0 0.555983997
  V= 0.29134 0 0.4619 0 0 0
T= 1.093
  X= 0.04048022 0.04 -0.0259473 0 0.831192995 0 0.555983997
  V= 0.29134 0 0.4619 0 0 0
T= 1.094
  X= 0.04077156 0.04 -0.0254854 0 0.831192995 0 0.555983997
  V= 0.29134 0 0.4619 0 0 0
T= 1.095
  X= 0.0410629 0.04 -0.0250235 0 0.831192995 0 0.555983997
  V= 0.29134 0 0.4619 0 0 0
T= 1.096
  X= 0.04135424 0.04 -0.0245616 0 0.831192995 0 0.555983997
  V= 0.29134 0 0.4619 0 0 0
T= 1.097
  X= 0.04164558 0.04 -0.0240997 0 0.831192995 0 0.555983997
  V= 0.29134 0 0.4619 0 0 0
T= 1.098
  X= 0.04193692 0.04 -0.0236378 0 0.831192995 0 0.555983997
  V= 0.29134 0 0.4619 0 0 0
T= 1.099
  X= 0.04222826 0.04 -0.0231759 0 0.831192995 0 0.555983997
  V= 0.29134 0 0.4619 0 0 0
T= 1.1
  X= 0.0425196 0.04 -0.022714 0 0.831192995 0 0.555983997
  V= 0.29134 0 0.4619 0 0 0
T= 1.101
  X= 0.04281094 0.04 -0.0222521 0 0.831192995 0 0.555983997
  V= 0.29134 0 0.4619 0 0 0
T= 1.102
  X= 0.04310228 0.04 -0.0217902 0 0.831192995 0 0.555983997
  V= 0.29134 0 0.4619 0 0 0
T= 1.103
  X= 0.04339362 0.04 -0.0213283 0 0.831192995 0 0.555983997
  V= 0.29134 0 0.4619 0 0 0
T= 1.104
  X= 0.04368496 0.04 -0.0208664 0 0.831192995 0 0.555983997
  V= 0.29134 0 0.4619 0 0 0
T= 1.105
  X= 0.0439763 0.04 -0.0204045 0 0.831192995 0 0.555983997
  V= 0.29134 0 0.4619 0 0 0
T= 1.106
  X= 0.04426764 0.04 -0.0199426 0 0.831192995 0 0.555983997
  V= 0.29134 0 0.4619 0 0 0
T= 1.107
  X= 0.04455898 0.04 -0.0194807 0 0.831192995 0 0.555983997
  V= 0.29134 0 0.4619 0 0 0
T= 1.108
  X= 0.04485032 0.04 -0.0190188 0 0.831192995 0 0.555983997
  V= 0.29134 0 0.4619 0 0 0
T= 1.109
  X= 0.04514166 0.04 -0.0185569 0 0.831192995 0 0.555983997
  V= 0.29134 0 0.4619 0 0 0
T= 1.11
  X= 0.045433 0.04 -0.018095 0 0.831192995 0 0.555983997
  V= 0.29134 0 0.4619 0 0 0
T= 1.111
  X= 0.04572434 0.04 -0.0176331 0 0.831192995 0 0.555983997
  V= 0.29134 0 0.4619 0 0 0
T= 1.112
  X= 0.04601568 0.04 -0.0171712 0 0.831192995 0 0.555983997
  V= 0.29134 0 0.4619 0 0 0
T= 1.113
  X= 0.04630702 0.04 -0.0167093 0 0.831192995 0 0.555983997
  V= 0.29134 0 0.4619 0 0 0
T= 1.114
  X= 0.04659836 0.04 -0.0162474 0 0.831192995 0 0.555983997
  V= 0.29134 0 0.4619 0 0 0
T= 1.115
  X= 0.0468897 0.04 -0.0157855 0 0.831192995 0 0.555983997
  V= 0.29134 0 0.4619 0 0 0
T= 1.116
  X= 0.04718104 0.04 -0.0153236 0 0.831192995 0 0.555983997
  V= 0.29134 0 0.4619 0 0 0
T= 1.117
  X= 0.04747238 0.04 -0.0148617 0 0.831192995 0 0.555983997
  V= 0.29134 0 0.4619 0 0 0
T= 1.118
  X= 0.04776372 0.04 -0.0143998 0 0.831192995 0 0.555983997
  V= 0.29134 0 0.4619 0 0 0
T= 1.119
  X= 0.04805506 0.04 -0.0139379 0 0.831192995 0 0.555983997
  V= 0.29134 0 0.4619 0 0 0
T= 1.12
  X= 0.0483464 0.04 -0.013476 0 0.831192995 0 0.555983997
  V= 0.29134 0 0.4619 0 0 0
T= 1.121
  X= 0.04863774 0.04 -0.0130141 0 0.831192995 0 0.555983997
  V= 0.29134 0 0.4619 0 0 0
T= 1.122
  X= 0.04892908 0.04 -0.0125522 0 0.831192995 0 0.555983997
  V= 0.29134 0 0.4619 0 0 0
T= 1.123
  X= 0.04922042 0.04 -0.0120903 0 0.831192995 0 0.555983997
  V= 0.29134 0 0.4619 0 0 0
T= 1.124
  X= 0.04951176 0.04 -0.0116284 0 0.831192995 0 0.555983997
  V= 0.29134 0 0.4619 0 0 0
T= 1.125
  X= 0.0498031 0.04 -0.0111665 0 0.831192995 0 0.555983997
  V= 0.29134 0 0.4619 0 0 0
T= 1.126
  X= 0.05009444 0.04 -0.0107046 0 0.831192995 0 0.555983997
  V= 0.29134 0 0.4619 0 0 0
T= 1.127
  X= 0.05038578 0.04 -0.0102427 0 0.831192995 0 0.555983997
  V= 0.29134 0 0.4619 0 0 0
T= 1.128
  X= 0.05067712 0.04 -0.0097808 0 0.831192995 0 0.555983997
  V= 0.29134 0 0.4619 0 0 0
T= 1.129
  X= 0.05096846 0.04 -0.0093189 0 0.831192995 0 0.555983997
  V= 0.29134 0 0.4619 0 0 0
T= 1.13
  X= 0.0512598 0.04 -0.008857 0 0.831192995 0 0.555983997
  V= 0.29134 0 0.4619 0 0 0
T= 1.131
  X= 0.05155114 0.04 -0.0083951 0 0.831192995 0 0.555983997
  V= 0.29134 0 0.4619 0 0 0
T= 1.132
  X= 0.05184248 0.04 -0.0079332 0 0.831192995 0 0.555983997
  V= 0.29134 0 0.4619 0 0 0
T= 1.133
  X= 0.05213382 0.04 -0.0074713 0 0.831192995 0 0.555983997
  V= 0.29134 0 0.4619 0 0 0
T= 1.134
  X= 0.05242516 0.04 -0.0070094 0 0.831192995 0 0.555983997
  V= 0.29134 0 0.4619 0 0 0
T= 1.135
  X= 0.0527165 0.04 -0.0065475 0 0.831192995 0 0.555983997
  V= 0.29134 0 0.4619 0 0 0
T= 1.136
  X= 0.05300784 0.04 -0.0060856 0 0.831192995 0 0.555983997
  V= 0.29134 0 0.4619 0 0 0
T= 1.137
  X= 0.05329918 0.04 -0.0056237 0 0.831192995 0 0.555983997
  V= 0.29134 0 0.4619 0 0 0
T= 1.138
  X= 0.05359052 0.04 -0.0051618 0 0.831192995 0 0.555983997
  V= 0.29134 0 0.4619 0 0 0
T= 1.139
  X= 0.05388186 0.04 -0.0046999 0 0.831192995 0 0.555983997
  V= 0.29134 0 0.4619 0 0 0
T= 1.14
  X= 0.0541732 0.04 -0.004238 0 0.831192995 0 0.555983997
  V= 0.29134 0 0.4619 0 0 0
T= 1.141
  X= 0.05446454 0.04 -0.0037761 0 0.831192995 0 0.555983997
  V= 0.29134 0 0.4619 0 0 0
T= 1.142
  X= 0.05475588 0.04 -0.0033142 0 0.831192995 0 0.555983997
  V= 0.29134 0 0.4619 0 0 0
T= 1.143
  X= 0.05504722 0.04 -0.0028523 0 0.831192995 0 0.555983997
  V= 0.29134 0 0.4619 0 0 0
T= 1.144
  X= 0.05533856 0.04 -0.0023904 0 0.831192995 0 0.555983997
  V= 0.29134 0 0.4619 0 0 0
T= 1.145
  X= 0.0556299 0.04 -0.0019285 0 0.831192995 0 0.555983997
  V= 0.29134 0 0.4619 0 0 0
T= 1.146
  X= 0.05592124 0.04 -0.0014666 0 0.831192995 0 0.555983997
  V= 0.29134 0 0.4619 0 0 0
T= 1.147
  X= 0.05621258 0.04 -0.0010047 0 0.831192995 0 0.555983997
  V= 0.29134 0 0.4619 0 0 0
T= 1.148
  X= 0.05650392 0.04 -0.0005428 0 0.831192995 0 0.555983997
  V= 0.29134 0 0.4619 0 0 0
T= 1.149
  X= 0.05679526 0.04 -8.09e-05 0 0.831192995 0 0.555983997
  V= 0.29134 0 0.4619 0 0 0
T= 1.15
  X= 0.0570866 0.04 0.000381 0 0.831192995 0 0.555983997
  V= 0.29134 0 0.4619 0 0 0
